id,description,tags
999999,"Top genres: Horror, Mystery, Crime. Top tags: .",action|aliens|atmospheric|black comedy|crime|dark|dark comedy|disturbing|horror|mindfuck|mystery|organized crime|psychological|psychology|sci-fi|serial killer|surreal|suspense|thought-provoking|thriller|twist ending|violence|zombies
991,"Top genres: Fantasy, Crime, Children. Top tags: atmospheric, surreal, dark comedy.",action|adventure|animation|atmospheric|based on a book|black comedy|comedy|crime|dark|dark comedy|disney|family|fantasy|fantasy world|funny|magic|musical|organized crime|pixar|psychology|surreal|twist ending|violence|visually appealing
3231,"Top genres: Film-Noir, War, Documentary. Top tags: action, sci-fi, dystopia.",action|atmospheric|based on a true story|black and white|cinematography|classic|corruption|dark|documentary|dreamlike|film noir|historical|history|neo-noir|politics|satire|social commentary|stylized|surreal|true story|visually appealing|war|world war ii
5318,"Top genres: Animation, Musical, Film-Noir. Top tags: funny, quirky, visually appealing.",adventure|animation|anime|atmospheric|black and white|classic|dark|disney|dreamlike|fairy tale|fantasy|film noir|funny|great soundtrack|hayao miyazaki|music|musical|neo-noir|pixar|studio ghibli|stylized|surreal|visually appealing
6324,"Top genres: Documentary, Western, Drama. Top tags: sci-fi, action, childish.",atmospheric|based on a book|cinematography|clint eastwood|corruption|dark comedy|documentary|funny|politics|psychology|quentin tarantino|samuel l. jackson|social commentary|surreal|thought-provoking|true story|twist ending|violence|visually appealing|western
6621,"Top genres: Documentary, Crime, Horror. Top tags: horror, monster, sci-fi.",action|aliens|atmospheric|black comedy|corruption|crime|dark|dark comedy|disturbing|documentary|horror|organized crime|politics|psychological|psychology|sci-fi|serial killer|social commentary|suspense|true story|twist ending|violence|zombies
6777,"Top genres: Western, War, Drama. Top tags: action, cinematography, funny.",action|atmospheric|based on a book|based on a true story|cinematography|classic|clint eastwood|dark comedy|funny|historical|history|psychology|quentin tarantino|samuel l. jackson|satire|social commentary|surreal|thought-provoking|true story|twist ending|violence|visually appealing|war|western|world war ii
10061,"Top genres: Documentary, Children, Animation. Top tags: atmospheric, twist ending, stylized.",adventure|animation|anime|comedy|corruption|disney|documentary|family|fantasy|funny|hayao miyazaki|musical|pixar|politics|social commentary|studio ghibli|surreal|true story
10920,"Top genres: Documentary, Film-Noir, War. Top tags: atmospheric, surreal, dark.",action|atmospheric|based on a true story|black and white|cinematography|classic|corruption|dark|documentary|dreamlike|film noir|historical|history|neo-noir|politics|satire|social commentary|stylized|surreal|true story|visually appealing|war|world war ii
11089,"Top genres: Film-Noir, War, Crime. Top tags: atmospheric, predictable, social commentary.",action|atmospheric|based on a true story|black and white|black comedy|cinematography|classic|crime|dark|dark comedy|dreamlike|film noir|historical|history|neo-noir|organized crime|psychology|satire|stylized|surreal|true story|twist ending|violence|visually appealing|war|world war ii
15494,"Top genres: Documentary, Western, Crime. Top tags: action, comedy, sci-fi.",action|atmospheric|black comedy|clint eastwood|corruption|crime|dark|dark comedy|documentary|funny|organized crime|politics|psychology|quentin tarantino|samuel l. jackson|social commentary|true story|twist ending|violence|visually appealing|western
15662,"Top genres: Western, Musical, Romance. Top tags: funny, comedy, animation.",animation|atmospheric|bittersweet|classic|clint eastwood|comedy|coming of age|disney|fairy tale|funny|great soundtrack|music|musical|quentin tarantino|quirky|romance|samuel l. jackson|stylized|surreal|thought-provoking|violence|visually appealing|western
18415,"Top genres: Documentary, Film-Noir, War. Top tags: cinematography, visually appealing, predictable.",action|atmospheric|based on a true story|black and white|cinematography|classic|corruption|dark|documentary|dreamlike|film noir|historical|history|neo-noir|politics|satire|social commentary|stylized|surreal|true story|visually appealing|war|world war ii
19860,"Top genres: Documentary, Animation, Film-Noir. Top tags: sci-fi, superhero, action.",adventure|animation|anime|atmospheric|black and white|corruption|dark|disney|documentary|dreamlike|fantasy|film noir|funny|hayao miyazaki|neo-noir|pixar|politics|social commentary|studio ghibli|stylized|surreal|true story|visually appealing
22339,"Top genres: Animation, Musical, Romance. Top tags: sci-fi, fantasy, adventure.",adventure|animation|anime|atmospheric|bittersweet|classic|comedy|coming of age|disney|fairy tale|fantasy|funny|great soundtrack|hayao miyazaki|music|musical|pixar|quirky|romance|studio ghibli|stylized|surreal|thought-provoking|visually appealing
23053,"Top genres: Documentary, War, Film-Noir. Top tags: action, romance, comedy.",action|atmospheric|based on a true story|black and white|cinematography|classic|corruption|dark|documentary|dreamlike|film noir|historical|history|neo-noir|politics|satire|social commentary|stylized|surreal|true story|visually appealing|war|world war ii
26326,"Top genres: Film-Noir, Western, Mystery. Top tags: action, sci-fi, violence.",atmospheric|black and white|clint eastwood|dark|dreamlike|film noir|funny|mindfuck|mystery|neo-noir|psychological|psychology|quentin tarantino|samuel l. jackson|sci-fi|stylized|surreal|thought-provoking|thriller|twist ending|violence|visually appealing|western
28284,"Top genres: Documentary, Western, Film-Noir. Top tags: atmospheric, stylized, tense.",atmospheric|black and white|clint eastwood|corruption|dark|documentary|dreamlike|film noir|funny|neo-noir|politics|quentin tarantino|samuel l. jackson|social commentary|stylized|surreal|true story|violence|visually appealing|western
28604,"Top genres: IMAX, Fantasy, Western. Top tags: DIVX, DVD, na dysku.",action|adventure|alternate reality|animation|atmospheric|based on a book|christopher nolan|clint eastwood|dystopia|fantasy|fantasy world|funny|magic|quentin tarantino|samuel l. jackson|sci-fi|space|superhero|surreal|thought-provoking|violence|visually appealing|western
29623,"Top genres: Documentary, Drama, War. Top tags: atmospheric, drama, classic.",action|atmospheric|based on a book|based on a true story|cinematography|classic|corruption|dark comedy|documentary|historical|history|politics|psychology|satire|social commentary|surreal|thought-provoking|true story|twist ending|visually appealing|war|world war ii
30506,"Top genres: Musical, War, IMAX. Top tags: romance, action, comedy.",action|alternate reality|animation|based on a true story|christopher nolan|cinematography|classic|disney|dystopia|fairy tale|fantasy|great soundtrack|historical|history|music|musical|satire|sci-fi|space|stylized|superhero|surreal|thought-provoking|true story|visually appealing|war|world war ii
32486,"Top genres: War, Horror, Documentary. Top tags: action, atmospheric, dystopia.",action|aliens|atmospheric|based on a true story|cinematography|classic|corruption|disturbing|documentary|historical|history|horror|politics|psychological|satire|sci-fi|serial killer|social commentary|suspense|true story|twist ending|war|world war ii|zombies
34458,"Top genres: War, Western, Drama. Top tags: friendship, funny, comedy.",action|atmospheric|based on a book|based on a true story|cinematography|classic|clint eastwood|dark comedy|funny|historical|history|psychology|quentin tarantino|samuel l. jackson|satire|social commentary|surreal|thought-provoking|true story|twist ending|violence|visually appealing|war|western|world war ii
34874,"Top genres: Documentary, Film-Noir, War. Top tags: sci-fi, action, violence.",action|atmospheric|based on a true story|black and white|cinematography|classic|corruption|dark|documentary|dreamlike|film noir|historical|history|neo-noir|politics|satire|social commentary|stylized|surreal|true story|visually appealing|war|world war ii
36938,"Top genres: Documentary, Musical, Film-Noir. Top tags: sci-fi, action, based on a book.",animation|atmospheric|black and white|classic|corruption|dark|disney|documentary|dreamlike|fairy tale|film noir|great soundtrack|music|musical|neo-noir|politics|social commentary|stylized|surreal|true story|visually appealing
37590,"Top genres: Musical, Film-Noir, Drama. Top tags: comedy, sci-fi, funny.",animation|atmospheric|based on a book|black and white|cinematography|classic|dark|dark comedy|disney|dreamlike|fairy tale|film noir|great soundtrack|music|musical|neo-noir|psychology|social commentary|stylized|surreal|thought-provoking|twist ending|visually appealing
39081,"Top genres: Documentary, War, Musical. Top tags: music, classic, musical.",action|animation|based on a true story|cinematography|classic|corruption|disney|documentary|fairy tale|great soundtrack|historical|history|music|musical|politics|satire|social commentary|stylized|surreal|true story|visually appealing|war|world war ii
39441,"Top genres: War, Documentary, Drama. Top tags: based on a book, true story, drama.",action|atmospheric|based on a book|based on a true story|cinematography|classic|corruption|dark comedy|documentary|historical|history|politics|psychology|satire|social commentary|surreal|thought-provoking|true story|twist ending|visually appealing|war|world war ii
40402,"Top genres: War, Crime, Documentary. Top tags: action, sci-fi, superhero.",action|atmospheric|based on a true story|black comedy|cinematography|classic|corruption|crime|dark|dark comedy|documentary|historical|history|organized crime|politics|psychology|satire|social commentary|true story|twist ending|violence|war|world war ii
40515,"Top genres: Western, Romance, Animation. Top tags: action, sci-fi, predictable.",adventure|animation|anime|atmospheric|bittersweet|clint eastwood|comedy|coming of age|disney|fantasy|funny|hayao miyazaki|pixar|quentin tarantino|quirky|romance|samuel l. jackson|studio ghibli|surreal|thought-provoking|violence|visually appealing|western
41454,"Top genres: Western, War, Film-Noir. Top tags: atmospheric, sci-fi, surreal.",action|atmospheric|based on a true story|black and white|cinematography|classic|clint eastwood|dark|dreamlike|film noir|funny|historical|history|neo-noir|quentin tarantino|samuel l. jackson|satire|stylized|surreal|true story|violence|visually appealing|war|western|world war ii
41623,"Top genres: Musical, Western, Film-Noir. Top tags: atmospheric, imdb top 250, thought-provoking.",animation|atmospheric|black and white|classic|clint eastwood|dark|disney|dreamlike|fairy tale|film noir|funny|great soundtrack|music|musical|neo-noir|quentin tarantino|samuel l. jackson|stylized|surreal|violence|visually appealing|western
42299,"Top genres: War, Western, Film-Noir. Top tags: based on a book, National Film Registry, black comedy.",action|atmospheric|based on a true story|black and white|cinematography|classic|clint eastwood|dark|dreamlike|film noir|funny|historical|history|neo-noir|quentin tarantino|samuel l. jackson|satire|stylized|surreal|true story|violence|visually appealing|war|western|world war ii
43983,"Top genres: Film-Noir, Musical, Western. Top tags: dark comedy, visually appealing, stylized.",animation|atmospheric|black and white|classic|clint eastwood|dark|disney|dreamlike|fairy tale|film noir|funny|great soundtrack|music|musical|neo-noir|quentin tarantino|samuel l. jackson|stylized|surreal|violence|visually appealing|western
44230,"Top genres: Film-Noir, Western, Mystery. Top tags: atmospheric, imdb top 250, stylized.",atmospheric|black and white|clint eastwood|dark|dreamlike|film noir|funny|mindfuck|mystery|neo-noir|psychological|psychology|quentin tarantino|samuel l. jackson|sci-fi|stylized|surreal|thought-provoking|thriller|twist ending|violence|visually appealing|western
47557,"Top genres: Film-Noir, Documentary, Crime. Top tags: sci-fi, Nudity (Topless), black comedy.",action|atmospheric|black and white|black comedy|corruption|crime|dark|dark comedy|documentary|dreamlike|film noir|neo-noir|organized crime|politics|psychology|social commentary|stylized|surreal|true story|twist ending|violence|visually appealing
47785,"Top genres: Film-Noir, Animation, Crime. Top tags: action, sci-fi, superhero.",action|adventure|animation|anime|atmospheric|black and white|black comedy|crime|dark|dark comedy|disney|dreamlike|fantasy|film noir|funny|hayao miyazaki|neo-noir|organized crime|pixar|psychology|studio ghibli|stylized|surreal|twist ending|violence|visually appealing
50054,"Top genres: Film-Noir, Drama, War. Top tags: funny, visually appealing, atmospheric.",action|atmospheric|based on a book|based on a true story|black and white|cinematography|classic|dark|dark comedy|dreamlike|film noir|historical|history|neo-noir|psychology|satire|social commentary|stylized|surreal|thought-provoking|true story|twist ending|visually appealing|war|world war ii
56845,"Top genres: IMAX, Animation, Sci-Fi. Top tags: action, sci-fi, aliens.",action|adventure|aliens|alternate reality|animation|anime|atmospheric|christopher nolan|disney|dystopia|fantasy|funny|hayao miyazaki|pixar|sci-fi|space|studio ghibli|superhero|surreal|thought-provoking|time travel|visually appealing
57228,"Top genres: Animation, Fantasy, Thriller. Top tags: sci-fi, based on a book, fantasy.",action|adventure|animation|anime|atmospheric|based on a book|disney|dystopia|fantasy|fantasy world|funny|hayao miyazaki|magic|pixar|psychological|psychology|sci-fi|studio ghibli|surreal|suspense|thriller|twist ending|visually appealing
57262,"Top genres: Mystery, War, Adventure. Top tags: action, sci-fi, superhero.",action|adventure|atmospheric|based on a book|based on a true story|cinematography|classic|dystopia|fantasy|funny|historical|history|mindfuck|mystery|psychological|psychology|satire|sci-fi|space|superhero|surreal|thought-provoking|thriller|true story|twist ending|visually appealing|war|world war ii
58563,"Top genres: Film-Noir, IMAX, Mystery. Top tags: superhero, dystopia, plot twist.",action|alternate reality|atmospheric|black and white|christopher nolan|dark|dreamlike|dystopia|fantasy|film noir|mindfuck|mystery|neo-noir|psychological|psychology|sci-fi|space|stylized|superhero|surreal|thought-provoking|thriller|twist ending|visually appealing
62453,"Top genres: Documentary, Western, Musical. Top tags: musical, Library of Congress, National Film Registry.",animation|atmospheric|classic|clint eastwood|corruption|disney|documentary|fairy tale|funny|great soundtrack|music|musical|politics|quentin tarantino|samuel l. jackson|social commentary|stylized|surreal|true story|violence|visually appealing|western
63661,"Top genres: Documentary, Musical, Animation. Top tags: sci-fi, action, funny.",adventure|animation|anime|classic|corruption|disney|documentary|fairy tale|fantasy|funny|great soundtrack|hayao miyazaki|music|musical|pixar|politics|social commentary|studio ghibli|stylized|surreal|true story|visually appealing
68224,"Top genres: Musical, War, Drama. Top tags: comedy, drama, romance.",action|animation|atmospheric|based on a book|based on a true story|cinematography|classic|dark comedy|disney|fairy tale|great soundtrack|historical|history|music|musical|psychology|satire|social commentary|stylized|surreal|thought-provoking|true story|twist ending|visually appealing|war|world war ii
68448,"Top genres: Romance, Drama, Musical. Top tags: superhero, based on a book, Disney.",animation|atmospheric|based on a book|bittersweet|cinematography|classic|comedy|coming of age|dark comedy|disney|fairy tale|funny|great soundtrack|music|musical|psychology|quirky|romance|social commentary|stylized|surreal|thought-provoking|twist ending|visually appealing
68793,"Top genres: Film-Noir, Mystery, Documentary. Top tags: psychological, Dynamic CGI Action, twist ending.",atmospheric|black and white|corruption|dark|documentary|dreamlike|film noir|mindfuck|mystery|neo-noir|politics|psychological|psychology|sci-fi|social commentary|stylized|surreal|thought-provoking|thriller|true story|twist ending|visually appealing
68821,"Top genres: Musical, Animation, Documentary. Top tags: based on a book, nudity (topless), franchise.",adventure|animation|anime|classic|corruption|disney|documentary|fairy tale|fantasy|funny|great soundtrack|hayao miyazaki|music|musical|pixar|politics|social commentary|studio ghibli|stylized|surreal|true story|visually appealing
68823,"Top genres: Film-Noir, Documentary, War. Top tags: coming of age, comedy, quirky.",action|atmospheric|based on a true story|black and white|cinematography|classic|corruption|dark|documentary|dreamlike|film noir|historical|history|neo-noir|politics|satire|social commentary|stylized|surreal|true story|visually appealing|war|world war ii
71074,"Top genres: Film-Noir, War, Crime. Top tags: romance, atmospheric, action.",action|atmospheric|based on a true story|black and white|black comedy|cinematography|classic|crime|dark|dark comedy|dreamlike|film noir|historical|history|neo-noir|organized crime|psychology|satire|stylized|surreal|true story|twist ending|violence|visually appealing|war|world war ii
72081,"Top genres: Mystery, Film-Noir, Crime. Top tags: sci-fi, action, Comedy .",action|atmospheric|black and white|black comedy|crime|dark|dark comedy|dreamlike|film noir|mindfuck|mystery|neo-noir|organized crime|psychological|psychology|sci-fi|stylized|surreal|thought-provoking|thriller|twist ending|violence|visually appealing
73375,"Top genres: Film-Noir, Horror, Mystery. Top tags: sci-fi, dark comedy, dark.",aliens|atmospheric|black and white|dark|disturbing|dreamlike|film noir|horror|mindfuck|mystery|neo-noir|psychological|psychology|sci-fi|serial killer|stylized|surreal|suspense|thought-provoking|thriller|twist ending|visually appealing|zombies
74470,"Top genres: Animation, Film-Noir, Mystery. Top tags: visually appealing, fantasy, adventure.",adventure|animation|anime|atmospheric|black and white|dark|disney|dreamlike|fantasy|film noir|funny|hayao miyazaki|mindfuck|mystery|neo-noir|pixar|psychological|psychology|sci-fi|studio ghibli|stylized|surreal|thought-provoking|thriller|twist ending|visually appealing
76037,"Top genres: Musical, Mystery, Crime. Top tags: action, sci-fi, atmospheric.",action|animation|atmospheric|black comedy|classic|crime|dark|dark comedy|disney|fairy tale|great soundtrack|mindfuck|music|musical|mystery|organized crime|psychological|psychology|sci-fi|stylized|surreal|thought-provoking|thriller|twist ending|violence|visually appealing
76720,"Top genres: Film-Noir, Documentary, Mystery. Top tags: comedy, true story, social commentary.",atmospheric|black and white|corruption|dark|documentary|dreamlike|film noir|mindfuck|mystery|neo-noir|politics|psychological|psychology|sci-fi|social commentary|stylized|surreal|thought-provoking|thriller|true story|twist ending|visually appealing
78158,"Top genres: Documentary, Crime, Film-Noir. Top tags: Nudity (Topless), based on a book, funny.",action|atmospheric|black and white|black comedy|corruption|crime|dark|dark comedy|documentary|dreamlike|film noir|neo-noir|organized crime|politics|psychology|social commentary|stylized|surreal|true story|twist ending|violence|visually appealing
78213,"Top genres: War, Animation, Western. Top tags: murder, violence, cult film.",action|adventure|animation|anime|atmospheric|based on a true story|cinematography|classic|clint eastwood|disney|fantasy|funny|hayao miyazaki|historical|history|pixar|quentin tarantino|samuel l. jackson|satire|studio ghibli|surreal|true story|violence|visually appealing|war|western|world war ii
78469,"Top genres: Mystery, Crime, Drama. Top tags: twist ending, surreal, time travel.",action|atmospheric|based on a book|black comedy|cinematography|crime|dark|dark comedy|mindfuck|mystery|organized crime|psychological|psychology|sci-fi|social commentary|surreal|thought-provoking|thriller|twist ending|violence|visually appealing
78842,"Top genres: Film-Noir, Western, Documentary. Top tags: action, atmospheric, dystopia.",atmospheric|black and white|clint eastwood|corruption|dark|documentary|dreamlike|film noir|funny|neo-noir|politics|quentin tarantino|samuel l. jackson|social commentary|stylized|surreal|true story|violence|visually appealing|western
79211,"Top genres: Film-Noir, Western, Crime. Top tags: atmospheric, surreal, dreamlike.",action|atmospheric|black and white|black comedy|clint eastwood|crime|dark|dark comedy|dreamlike|film noir|funny|neo-noir|organized crime|psychology|quentin tarantino|samuel l. jackson|stylized|surreal|twist ending|violence|visually appealing|western
79911,"Top genres: Film-Noir, Western, Crime. Top tags: sci-fi, atmospheric, dystopia.",action|atmospheric|black and white|black comedy|clint eastwood|crime|dark|dark comedy|dreamlike|film noir|funny|neo-noir|organized crime|psychology|quentin tarantino|samuel l. jackson|stylized|surreal|twist ending|violence|visually appealing|western
81065,"Top genres: Documentary, War, Drama. Top tags: classic, comedy, sci-fi.",action|atmospheric|based on a book|based on a true story|cinematography|classic|corruption|dark comedy|documentary|historical|history|politics|psychology|satire|social commentary|surreal|thought-provoking|true story|twist ending|visually appealing|war|world war ii
81466,"Top genres: Documentary, Drama, War. Top tags: sci-fi, superhero, true story.",action|atmospheric|based on a book|based on a true story|cinematography|classic|corruption|dark comedy|documentary|historical|history|politics|psychology|satire|social commentary|surreal|thought-provoking|true story|twist ending|visually appealing|war|world war ii
83284,"Top genres: Crime, Mystery, War. Top tags: rape, predictable, twist ending.",action|atmospheric|based on a true story|black comedy|cinematography|classic|crime|dark|dark comedy|historical|history|mindfuck|mystery|organized crime|psychological|psychology|satire|sci-fi|surreal|thought-provoking|thriller|true story|twist ending|violence|war|world war ii
86889,"Top genres: Film-Noir, Western, Documentary. Top tags: stylized, Nudity (Topless), action.",atmospheric|black and white|clint eastwood|corruption|dark|documentary|dreamlike|film noir|funny|neo-noir|politics|quentin tarantino|samuel l. jackson|social commentary|stylized|surreal|true story|violence|visually appealing|western
87222,"Top genres: War, Film-Noir, Animation. Top tags: animation, funny, action.",action|adventure|animation|anime|atmospheric|based on a true story|black and white|cinematography|classic|dark|disney|dreamlike|fantasy|film noir|funny|hayao miyazaki|historical|history|neo-noir|pixar|satire|studio ghibli|stylized|surreal|true story|visually appealing|war|world war ii
91197,"Top genres: Mystery, Documentary, Crime. Top tags: thriller, horror, sci-fi.",action|atmospheric|black comedy|corruption|crime|dark|dark comedy|documentary|mindfuck|mystery|organized crime|politics|psychological|psychology|sci-fi|social commentary|surreal|thought-provoking|thriller|true story|twist ending|violence
93277,"Top genres: Documentary, Musical, Animation. Top tags: atmospheric, sci-fi, soundtrack.",adventure|animation|anime|classic|corruption|disney|documentary|fairy tale|fantasy|funny|great soundtrack|hayao miyazaki|music|musical|pixar|politics|social commentary|studio ghibli|stylized|surreal|true story|visually appealing
93564,"Top genres: Western, IMAX, Sci-Fi. Top tags: imdb top 250, funny, comedy.",action|aliens|alternate reality|atmospheric|christopher nolan|clint eastwood|dystopia|fantasy|funny|quentin tarantino|samuel l. jackson|sci-fi|space|superhero|thought-provoking|time travel|violence|visually appealing|western
94971,"Top genres: Film-Noir, War, Documentary. Top tags: sci-fi, atmospheric, violence.",action|atmospheric|based on a true story|black and white|cinematography|classic|corruption|dark|documentary|dreamlike|film noir|historical|history|neo-noir|politics|satire|social commentary|stylized|surreal|true story|visually appealing|war|world war ii
95129,"Top genres: Documentary, Western, Romance. Top tags: quirky, dark comedy, comedy.",atmospheric|bittersweet|clint eastwood|comedy|coming of age|corruption|documentary|funny|politics|quentin tarantino|quirky|romance|samuel l. jackson|social commentary|surreal|thought-provoking|true story|violence|visually appealing|western
96930,"Top genres: Film-Noir, Western, War. Top tags: atmospheric, twist ending, dark comedy.",action|atmospheric|based on a true story|black and white|cinematography|classic|clint eastwood|dark|dreamlike|film noir|funny|historical|history|neo-noir|quentin tarantino|samuel l. jackson|satire|stylized|surreal|true story|violence|visually appealing|war|western|world war ii
98090,"Top genres: War, Documentary, Film-Noir. Top tags: blasphemous, foul language, funny.",action|atmospheric|based on a true story|black and white|cinematography|classic|corruption|dark|documentary|dreamlike|film noir|historical|history|neo-noir|politics|satire|social commentary|stylized|surreal|true story|visually appealing|war|world war ii
102040,"Top genres: Film-Noir, Documentary, IMAX. Top tags: adapted from:book, R, Bechdel Test:Pass.",action|alternate reality|atmospheric|black and white|christopher nolan|corruption|dark|documentary|dreamlike|dystopia|fantasy|film noir|neo-noir|politics|sci-fi|social commentary|space|stylized|superhero|surreal|thought-provoking|true story|visually appealing
102353,"Top genres: Crime, Drama, Mystery. Top tags: dark, comedy, action.",action|atmospheric|based on a book|black comedy|cinematography|crime|dark|dark comedy|mindfuck|mystery|organized crime|psychological|psychology|sci-fi|social commentary|surreal|thought-provoking|thriller|twist ending|violence|visually appealing
104632,"Top genres: Documentary, Film-Noir, War. Top tags: action, superhero, fantasy.",action|atmospheric|based on a true story|black and white|cinematography|classic|corruption|dark|documentary|dreamlike|film noir|historical|history|neo-noir|politics|satire|social commentary|stylized|surreal|true story|visually appealing|war|world war ii
104982,"Top genres: Horror, Mystery, Crime. Top tags: psychology, adventure, sci-fi.",action|aliens|atmospheric|black comedy|crime|dark|dark comedy|disturbing|horror|mindfuck|mystery|organized crime|psychological|psychology|sci-fi|serial killer|surreal|suspense|thought-provoking|thriller|twist ending|violence|zombies
105438,"Top genres: Western, Mystery, Documentary. Top tags: predictable, thriller, atmospheric.",atmospheric|clint eastwood|corruption|documentary|funny|mindfuck|mystery|politics|psychological|psychology|quentin tarantino|samuel l. jackson|sci-fi|social commentary|surreal|thought-provoking|thriller|true story|twist ending|violence|visually appealing|western
106267,"Top genres: Western, Film-Noir, Documentary. Top tags: quirky, visually appealing, atmospheric.",atmospheric|black and white|clint eastwood|corruption|dark|documentary|dreamlike|film noir|funny|neo-noir|politics|quentin tarantino|samuel l. jackson|social commentary|stylized|surreal|true story|violence|visually appealing|western
106320,"Top genres: Animation, Western, Children. Top tags: social commentary, psychology, based on a book.",adventure|animation|anime|atmospheric|clint eastwood|comedy|disney|family|fantasy|funny|hayao miyazaki|musical|pixar|quentin tarantino|samuel l. jackson|studio ghibli|surreal|violence|visually appealing|western
106593,"Top genres: Film-Noir, Musical, War. Top tags: sci-fi, funny, classic.",action|animation|atmospheric|based on a true story|black and white|cinematography|classic|dark|disney|dreamlike|fairy tale|film noir|great soundtrack|historical|history|music|musical|neo-noir|satire|stylized|surreal|true story|visually appealing|war|world war ii
111109,"Top genres: Children, Comedy, Horror. Top tags: sci-fi, dystopia, social commentary.",adventure|aliens|animation|atmospheric|black comedy|comedy|dark comedy|disney|disturbing|family|fantasy|funny|horror|musical|parody|pixar|psychological|quirky|romance|satire|sci-fi|serial killer|surreal|suspense|twist ending|zombies
112206,"Top genres: Western, War, Mystery. Top tags: atmospheric, history, mystery.",action|atmospheric|based on a true story|cinematography|classic|clint eastwood|funny|historical|history|mindfuck|mystery|psychological|psychology|quentin tarantino|samuel l. jackson|satire|sci-fi|surreal|thought-provoking|thriller|true story|twist ending|violence|visually appealing|war|western|world war ii
113480,"Top genres: War, Western, Drama. Top tags: atmospheric, visually appealing, cinematography.",action|atmospheric|based on a book|based on a true story|cinematography|classic|clint eastwood|dark comedy|funny|historical|history|psychology|quentin tarantino|samuel l. jackson|satire|social commentary|surreal|thought-provoking|true story|twist ending|violence|visually appealing|war|western|world war ii
114536,"Top genres: Animation, Mystery, Western. Top tags: atmospheric, mindfuck, sci-fi.",adventure|animation|anime|atmospheric|clint eastwood|disney|fantasy|funny|hayao miyazaki|mindfuck|mystery|pixar|psychological|psychology|quentin tarantino|samuel l. jackson|sci-fi|studio ghibli|surreal|thought-provoking|thriller|twist ending|violence|visually appealing|western
117832,"Top genres: Documentary, Film-Noir, Drama. Top tags: social commentary, predictable, thought-provoking.",atmospheric|based on a book|black and white|cinematography|corruption|dark|dark comedy|documentary|dreamlike|film noir|neo-noir|politics|psychology|social commentary|stylized|surreal|thought-provoking|true story|twist ending|visually appealing
117845,"Top genres: Documentary, Film-Noir, Crime. Top tags: atmospheric, sci-fi, Bechdel Test:Fail.",action|atmospheric|black and white|black comedy|corruption|crime|dark|dark comedy|documentary|dreamlike|film noir|neo-noir|organized crime|politics|psychology|social commentary|stylized|surreal|true story|twist ending|violence|visually appealing
117882,"Top genres: Film-Noir, Documentary, Musical. Top tags: sci-fi, action, based on a book.",animation|atmospheric|black and white|classic|corruption|dark|disney|documentary|dreamlike|fairy tale|film noir|great soundtrack|music|musical|neo-noir|politics|social commentary|stylized|surreal|true story|visually appealing
117889,"Top genres: Documentary, Musical, Fantasy. Top tags: Animation , Comedy , funny.",adventure|animation|atmospheric|based on a book|classic|corruption|disney|documentary|fairy tale|fantasy|fantasy world|funny|great soundtrack|magic|music|musical|politics|social commentary|stylized|surreal|true story|visually appealing
119227,"Top genres: Western, War, Sci-Fi. Top tags: seen more than once, action, seen 2021.",action|aliens|atmospheric|based on a true story|cinematography|classic|clint eastwood|dystopia|funny|historical|history|quentin tarantino|samuel l. jackson|satire|sci-fi|space|superhero|thought-provoking|time travel|true story|violence|visually appealing|war|western|world war ii
119241,"Top genres: Documentary, Film-Noir, War. Top tags: based on a book, sci-fi, franchise.",action|atmospheric|based on a true story|black and white|cinematography|classic|corruption|dark|documentary|dreamlike|film noir|historical|history|neo-noir|politics|satire|social commentary|stylized|surreal|true story|visually appealing|war|world war ii
125597,"Top genres: Film-Noir, Documentary, IMAX. Top tags: sci-fi, action, twist ending.",action|alternate reality|atmospheric|black and white|christopher nolan|corruption|dark|documentary|dreamlike|dystopia|fantasy|film noir|neo-noir|politics|sci-fi|social commentary|space|stylized|superhero|surreal|thought-provoking|true story|visually appealing
126282,"Top genres: War, Mystery, Drama. Top tags: funny, action, comedy.",action|atmospheric|based on a book|based on a true story|cinematography|classic|dark comedy|historical|history|mindfuck|mystery|psychological|psychology|satire|sci-fi|social commentary|surreal|thought-provoking|thriller|true story|twist ending|visually appealing|war|world war ii
126649,"Top genres: Documentary, Animation, Children. Top tags: action, sci-fi, family.",adventure|animation|anime|comedy|corruption|disney|documentary|family|fantasy|funny|hayao miyazaki|musical|pixar|politics|social commentary|studio ghibli|surreal|true story
128847,"Top genres: Western, Musical, Romance. Top tags: funny, action, visually appealing.",animation|atmospheric|bittersweet|classic|clint eastwood|comedy|coming of age|disney|fairy tale|funny|great soundtrack|music|musical|quentin tarantino|quirky|romance|samuel l. jackson|stylized|surreal|thought-provoking|violence|visually appealing|western
130654,"Top genres: War, IMAX, Crime. Top tags: atmospheric, stylized, quirky.",action|alternate reality|atmospheric|based on a true story|black comedy|christopher nolan|cinematography|classic|crime|dark|dark comedy|dystopia|fantasy|historical|history|organized crime|psychology|satire|sci-fi|space|superhero|thought-provoking|true story|twist ending|violence|visually appealing|war|world war ii
132601,"Top genres: Film-Noir, Musical, Animation. Top tags: fantasy, animation, atmospheric.",adventure|animation|anime|atmospheric|black and white|classic|dark|disney|dreamlike|fairy tale|fantasy|film noir|funny|great soundtrack|hayao miyazaki|music|musical|neo-noir|pixar|studio ghibli|stylized|surreal|visually appealing
135375,"Top genres: War, Crime, Mystery. Top tags: sci-fi, comedy, funny.",action|atmospheric|based on a true story|black comedy|cinematography|classic|crime|dark|dark comedy|historical|history|mindfuck|mystery|organized crime|psychological|psychology|satire|sci-fi|surreal|thought-provoking|thriller|true story|twist ending|violence|war|world war ii
136146,"Top genres: IMAX, Film-Noir, Sci-Fi. Top tags: NO_FA_GANES, MOLT_CRITICADA, fantasy.",action|aliens|alternate reality|atmospheric|black and white|christopher nolan|dark|dreamlike|dystopia|fantasy|film noir|neo-noir|sci-fi|space|stylized|superhero|surreal|thought-provoking|time travel|visually appealing
139949,"Top genres: Film-Noir, Documentary, Musical. Top tags: funny, action, cinematography.",animation|atmospheric|black and white|classic|corruption|dark|disney|documentary|dreamlike|fairy tale|film noir|great soundtrack|music|musical|neo-noir|politics|social commentary|stylized|surreal|true story|visually appealing
142848,"Top genres: Western, Film-Noir, Drama. Top tags: atmospheric, cinematography, surreal.",atmospheric|based on a book|black and white|cinematography|clint eastwood|dark|dark comedy|dreamlike|film noir|funny|neo-noir|psychology|quentin tarantino|samuel l. jackson|social commentary|stylized|surreal|thought-provoking|twist ending|violence|visually appealing|western
143888,"Top genres: Western, War, Action. Top tags: action, sci-fi, adventure.",action|adventure|aliens|atmospheric|based on a true story|cinematography|classic|clint eastwood|dystopia|funny|historical|history|quentin tarantino|samuel l. jackson|satire|sci-fi|space|superhero|true story|violence|visually appealing|war|western|world war ii
143932,"Top genres: War, Musical, Drama. Top tags: animation, fantasy, Disney.",action|animation|atmospheric|based on a book|based on a true story|cinematography|classic|dark comedy|disney|fairy tale|great soundtrack|historical|history|music|musical|psychology|satire|social commentary|stylized|surreal|thought-provoking|true story|twist ending|visually appealing|war|world war ii
143964,"Top genres: Film-Noir, Western, War. Top tags: classic, based on a book, atmospheric.",action|atmospheric|based on a true story|black and white|cinematography|classic|clint eastwood|dark|dreamlike|film noir|funny|historical|history|neo-noir|quentin tarantino|samuel l. jackson|satire|stylized|surreal|true story|violence|visually appealing|war|western|world war ii
144253,"Top genres: Musical, IMAX, War. Top tags: comedy, action, fantasy.",action|alternate reality|animation|based on a true story|christopher nolan|cinematography|classic|disney|dystopia|fairy tale|fantasy|great soundtrack|historical|history|music|musical|satire|sci-fi|space|stylized|superhero|surreal|thought-provoking|true story|visually appealing|war|world war ii
144877,"Top genres: Film-Noir, Drama, Fantasy. Top tags: surreal, atmospheric, disturbing.",adventure|animation|atmospheric|based on a book|black and white|cinematography|dark|dark comedy|dreamlike|fantasy|fantasy world|film noir|funny|magic|neo-noir|psychology|social commentary|stylized|surreal|thought-provoking|twist ending|visually appealing
145435,"Top genres: Documentary, War, Western. Top tags: atmospheric, cinematography, good acting.",action|atmospheric|based on a true story|cinematography|classic|clint eastwood|corruption|documentary|funny|historical|history|politics|quentin tarantino|samuel l. jackson|satire|social commentary|true story|violence|visually appealing|war|western|world war ii
147560,"Top genres: Documentary, Musical, Western. Top tags: violence, war, friendship.",animation|atmospheric|classic|clint eastwood|corruption|disney|documentary|fairy tale|funny|great soundtrack|music|musical|politics|quentin tarantino|samuel l. jackson|social commentary|stylized|surreal|true story|violence|visually appealing|western
147968,"Top genres: Film-Noir, War, Mystery. Top tags: comedy, funny, fantasy.",action|atmospheric|based on a true story|black and white|cinematography|classic|dark|dreamlike|film noir|historical|history|mindfuck|mystery|neo-noir|psychological|psychology|satire|sci-fi|stylized|surreal|thought-provoking|thriller|true story|twist ending|visually appealing|war|world war ii
147969,"Top genres: Film-Noir, War, Drama. Top tags: atmospheric, serial killer, based on a book.",action|atmospheric|based on a book|based on a true story|black and white|cinematography|classic|dark|dark comedy|dreamlike|film noir|historical|history|neo-noir|psychology|satire|social commentary|stylized|surreal|thought-provoking|true story|twist ending|visually appealing|war|world war ii
148070,"Top genres: Film-Noir, Documentary, War. Top tags: atmospheric, horror, visually appealing.",action|atmospheric|based on a true story|black and white|cinematography|classic|corruption|dark|documentary|dreamlike|film noir|historical|history|neo-noir|politics|satire|social commentary|stylized|surreal|true story|visually appealing|war|world war ii
149491,"Top genres: Animation, Film-Noir, Children. Top tags: atmospheric, stylized, visually appealing.",adventure|animation|anime|atmospheric|black and white|comedy|dark|disney|dreamlike|family|fantasy|film noir|funny|hayao miyazaki|musical|neo-noir|pixar|studio ghibli|stylized|surreal|visually appealing
150906,"Top genres: Documentary, Animation, Romance. Top tags: based on a book, atmospheric, fantasy.",adventure|animation|anime|atmospheric|bittersweet|comedy|coming of age|corruption|disney|documentary|fantasy|funny|hayao miyazaki|pixar|politics|quirky|romance|social commentary|studio ghibli|surreal|thought-provoking|true story|visually appealing
150991,"Top genres: Film-Noir, Mystery, Drama. Top tags: based on a book, sci-fi, adapted from:book.",atmospheric|based on a book|black and white|cinematography|dark|dark comedy|dreamlike|film noir|mindfuck|mystery|neo-noir|psychological|psychology|sci-fi|social commentary|stylized|surreal|thought-provoking|thriller|twist ending|visually appealing
151456,"Top genres: Animation, Mystery, Drama. Top tags: action, drama, comedy.",adventure|animation|anime|atmospheric|based on a book|cinematography|dark comedy|disney|fantasy|funny|hayao miyazaki|mindfuck|mystery|pixar|psychological|psychology|sci-fi|social commentary|studio ghibli|surreal|thought-provoking|thriller|twist ending|visually appealing
154795,"Top genres: Western, Mystery, IMAX. Top tags: funny, Disney, romance.",action|alternate reality|atmospheric|christopher nolan|clint eastwood|dystopia|fantasy|funny|mindfuck|mystery|psychological|psychology|quentin tarantino|samuel l. jackson|sci-fi|space|superhero|surreal|thought-provoking|thriller|twist ending|violence|visually appealing|western
155435,"Top genres: Film-Noir, Drama, Musical. Top tags: aliens, dystopia, quirky.",animation|atmospheric|based on a book|black and white|cinematography|classic|dark|dark comedy|disney|dreamlike|fairy tale|film noir|great soundtrack|music|musical|neo-noir|psychology|social commentary|stylized|surreal|thought-provoking|twist ending|visually appealing
155912,"Top genres: Film-Noir, Fantasy, Mystery. Top tags: space, aliens, Marvel.",adventure|animation|atmospheric|based on a book|black and white|dark|dreamlike|fantasy|fantasy world|film noir|funny|magic|mindfuck|mystery|neo-noir|psychological|psychology|sci-fi|stylized|surreal|thought-provoking|thriller|twist ending|visually appealing
156071,"Top genres: Western, Mystery, Fantasy. Top tags: sci-fi, based on a book, action.",adventure|animation|atmospheric|based on a book|clint eastwood|fantasy|fantasy world|funny|magic|mindfuck|mystery|psychological|psychology|quentin tarantino|samuel l. jackson|sci-fi|surreal|thought-provoking|thriller|twist ending|violence|visually appealing|western
156623,"Top genres: Musical, War, Children. Top tags: fantasy, atmospheric, based on a book.",action|adventure|animation|based on a true story|cinematography|classic|comedy|disney|fairy tale|family|fantasy|funny|great soundtrack|historical|history|music|musical|pixar|satire|stylized|surreal|true story|visually appealing|war|world war ii
157852,"Top genres: Western, War, Crime. Top tags: action, romance, sci-fi.",action|atmospheric|based on a true story|black comedy|cinematography|classic|clint eastwood|crime|dark|dark comedy|funny|historical|history|organized crime|psychology|quentin tarantino|samuel l. jackson|satire|true story|twist ending|violence|visually appealing|war|western|world war ii
158161,"Top genres: Musical, Drama, Animation. Top tags: fantasy, adventure, sci-fi.",adventure|animation|anime|atmospheric|based on a book|cinematography|classic|dark comedy|disney|fairy tale|fantasy|funny|great soundtrack|hayao miyazaki|music|musical|pixar|psychology|social commentary|studio ghibli|stylized|surreal|thought-provoking|twist ending|visually appealing
158906,"Top genres: Thriller, Crime, Mystery. Top tags: sci-fi, atmospheric, thought-provoking.",action|atmospheric|black comedy|crime|dark|dark comedy|dystopia|mindfuck|mystery|organized crime|psychological|psychology|sci-fi|surreal|suspense|thought-provoking|thriller|twist ending|violence
159300,"Top genres: Documentary, Animation, Musical. Top tags: drama, action, comedy.",adventure|animation|anime|classic|corruption|disney|documentary|fairy tale|fantasy|funny|great soundtrack|hayao miyazaki|music|musical|pixar|politics|social commentary|studio ghibli|stylized|surreal|true story|visually appealing
159555,"Top genres: Children, Western, Mystery. Top tags: based on a book, atmospheric, classic.",adventure|animation|atmospheric|clint eastwood|comedy|disney|family|fantasy|funny|mindfuck|musical|mystery|pixar|psychological|psychology|quentin tarantino|samuel l. jackson|sci-fi|surreal|thought-provoking|thriller|twist ending|violence|visually appealing|western
159663,"Top genres: Musical, Crime, Animation. Top tags: visually appealing, dark comedy, atmospheric.",action|adventure|animation|anime|atmospheric|black comedy|classic|crime|dark|dark comedy|disney|fairy tale|fantasy|funny|great soundtrack|hayao miyazaki|music|musical|organized crime|pixar|psychology|studio ghibli|stylized|surreal|twist ending|violence|visually appealing
