method,id,tags_rated,top_five_4_or_5
score(),5,8,0
score(),151,5,1
score(),267,7,2
score(),356,80,1
score(),427,2,1
score(),434,5,3
score(),502,5,0
score(),593,57,1
score(),596,12,1
score(),610,4,0
score(),783,9,3
score(),858,45,0
score(),1007,4,2
score(),1241,10,4
score(),1284,10,3
score(),1562,23,0
score(),1688,14,0
score(),1721,31,3
score(),1960,20,0
score(),1963,8,5
score(),1966,6,2
score(),1981,5,2
score(),1994,10,2
score(),2004,8,1
score(),2022,10,1
score(),2034,7,2
score(),2080,6,1
score(),2163,6,3
score(),2278,9,2
score(),2420,5,2
score(),2450,11,2
score(),2571,61,1
score(),2580,11,2
score(),2696,9,1
score(),2791,13,1
score(),2858,54,0
score(),2959,74,0
score(),2966,7,2
score(),3066,5,0
score(),3074,5,3
score(),3100,6,2
score(),3152,6,3
score(),3201,3,0
score(),3386,12,2
score(),3420,6,1
score(),3528,1,1
score(),3668,5,1
score(),3745,14,1
score(),3831,4,0
score(),4155,6,1
score(),4167,3,3
score(),4226,51,2
score(),4255,7,2
score(),4329,5,1
score(),4427,8,3
score(),4678,7,1
score(),4995,25,1
score(),5014,7,2
score(),5027,4,1
score(),5222,5,1
score(),5349,23,3
score(),5388,12,2
score(),5954,13,2
score(),6440,18,3
score(),6541,11,1
score(),6650,16,3
score(),6755,9,4
score(),6867,7,2
score(),6953,18,3
score(),7460,8,1
score(),8607,8,3
score(),8633,3,2
score(),8947,6,0
score(),27721,6,3
score(),30707,29,1
score(),30749,15,2
score(),32017,5,1
score(),40339,6,1
score(),43836,5,0
score(),45442,6,2
score(),47997,20,2
score(),48385,18,4
score(),49932,13,3
score(),53000,11,0
score(),53519,20,1
score(),55805,12,2
score(),59315,29,1
score(),61248,8,2
score(),64620,8,2
score(),65514,8,1
score(),66097,22,0
score(),72733,7,1
score(),72998,45,1
score(),73344,10,0
score(),85412,14,2
score(),89904,11,1
score(),90405,23,1
score(),90430,12,0
score(),111362,27,2
score(),113348,5,1
score(),122896,9,0
score(),122898,18,2
score(),125916,11,3
score(),130634,18,4
score(),135141,7,3
score(),141866,15,3
score(),187717,6,2
score(),194951,16,3
score(),275245,15,1
popularity,5,9,0
popularity,151,7,1
popularity,176,5,1
popularity,267,9,2
popularity,356,89,2
popularity,427,5,2
popularity,434,5,3
popularity,502,6,0
popularity,593,61,1
popularity,596,13,1
popularity,610,8,0
popularity,783,11,1
popularity,858,53,2
popularity,1007,5,2
popularity,1241,12,4
popularity,1284,14,3
popularity,1562,24,2
popularity,1688,14,0
popularity,1721,33,0
popularity,1960,21,3
popularity,1963,8,4
popularity,1966,9,3
popularity,1981,5,2
popularity,1994,11,0
popularity,2004,9,1
popularity,2022,15,2
popularity,2034,8,2
popularity,2080,8,1
popularity,2163,7,3
popularity,2278,11,2
popularity,2420,8,2
popularity,2450,16,1
popularity,2571,69,1
popularity,2580,16,2
popularity,2696,11,1
popularity,2791,15,3
popularity,2858,61,1
popularity,2959,77,2
popularity,2966,10,2
popularity,3066,5,0
popularity,3074,5,3
popularity,3100,7,3
popularity,3152,13,2
popularity,3201,11,1
popularity,3386,16,1
popularity,3420,7,1
popularity,3528,7,2
popularity,3668,5,1
popularity,3745,19,0
popularity,3831,5,0
popularity,4155,7,1
popularity,4167,9,3
popularity,4226,55,2
popularity,4255,7,4
popularity,4329,6,0
popularity,4427,12,2
popularity,4678,7,1
popularity,4995,28,2
popularity,5014,9,3
popularity,5027,6,1
popularity,5222,6,1
popularity,5349,26,4
popularity,5388,15,1
popularity,5954,14,2
popularity,6440,20,3
popularity,6541,15,0
popularity,6650,24,2
popularity,6755,11,2
popularity,6867,8,1
popularity,6953,20,3
popularity,7460,8,0
popularity,8607,14,0
popularity,8633,5,2
popularity,8947,6,0
popularity,27721,8,3
popularity,30707,34,2
popularity,30749,17,1
popularity,32017,6,1
popularity,40339,9,0
popularity,43836,12,0
popularity,45442,6,3
popularity,47997,23,4
popularity,48385,20,0
popularity,49932,16,3
popularity,53000,14,2
popularity,53519,20,3
popularity,55805,16,1
popularity,59315,34,3
popularity,61248,9,1
popularity,64620,9,1
popularity,65514,9,2
popularity,66097,23,2
popularity,72733,8,1
popularity,72998,51,2
popularity,73344,11,1
popularity,85412,14,4
popularity,89904,12,1
popularity,90405,27,1
popularity,90430,12,1
popularity,111362,32,5
popularity,113348,12,0
popularity,122896,12,1
popularity,122898,19,4
popularity,125916,13,4
popularity,130634,20,2
popularity,135141,18,3
popularity,141866,17,4
popularity,187717,7,2
popularity,194951,19,0
popularity,275245,17,1
your own order,593,8,0
your own order,858,9,1
your own order,1721,8,0
your own order,2571,10,0
your own order,2858,9,0
your own order,2959,10,1
your own order,4226,10,1
your own order,4995,8,2
your own order,5349,5,4
your own order,59315,8,3
