movieId,tag,score
356,slow,1.1111111111111112
6650,england,3.3333333333333335
1960,history,3.3333333333333335
90405,suicide,2.2222222222222223
1960,slow,3.3333333333333335
141866,confusing,3.3333333333333335
4995,family,7.777777777777778
6440,serial killer,7.777777777777778
64620,historical,0.0
47997,funny,4.814814814814816
356,bittersweet,7.555555555555555
49932,unique,5.151515151515152
2858,social commentary,7.572362278244632
2571,cult classic,8.333333333333334
30707,philosophical,5.555555555555555
356,great acting,7.668038408779149
2959,clever,8.55297157622739
3386,boring,7.777777777777778
356,classic,7.363465160075328
2278,mafia,10.0
858,stylized,5.185185185185184
53519,gore,3.3333333333333335
5,comedy,3.3333333333333335
5014,mental illness,6.825396825396825
356,inspirational,7.427701674277014
122898,comic book,3.3333333333333335
7460,bill murray,5.75757575757576
3745,violence,7.777777777777778
53519,great soundtrack,5.925925925925925
55805,acting,5.999999999999998
2163,parody,4.444444444444445
5349,violence,1.4285714285714295
1688,adventure,5.555555555555555
356,long,3.3333333333333335
89904,emotional,10.0
59315,acting,5.555555555555555
2278,organized crime,8.222222222222221
4678,satire,5.555555555555555
4678,parody,5.555555555555555
194951,nonlinear,1.1111111111111112
1963,mockumentary,6.666666666666667
4995,mental illness,6.0555555555555545
2571,science,7.777777777777778
1241,disturbing,1.1111111111111112
1562,comic book,2.8888888888888884
49932,disturbing,4.248366013071896
2966,based on a true story,6.296296296296298
90405,future,4.525745257452574
1994,creepy,2.2222222222222223
1562,surprise ending,10.0
2580,ensemble cast,5.555555555555555
4995,based on a true story,6.565656565656567
2571,classic,7.948717948717948
2858,murder,10.0
151,biography,5.555555555555555
2163,musical,4.444444444444445
4226,imagination,5.555555555555555
4226,detective,10.0
8947,nonlinear,1.1111111111111112
3074,survival,6.666666666666667
1960,true story,5.555555555555555
356,friendship,3.7777777777777777
85412,horror,3.3333333333333335
4995,drama,7.17171717171717
596,animation,2.4444444444444438
72998,technology,7.5
2004,sequel,4.444444444444445
135141,dystopia,2.9292929292929295
5349,high school,1.1111111111111112
4678,quirky,5.111111111111111
5,sequel,5.555555555555555
49932,slow,5.555555555555555
275245,dark comedy,5.555555555555555
72998,boring,3.3333333333333335
6650,prison,5.555555555555555
3201,classic,10.0
275245,horror,3.3333333333333335
2858,overrated,3.3333333333333335
3528,intense,7.777777777777778
356,good dialogue,7.777777777777778
72998,love story,10.0
4155,drama,5.0
2580,storytelling,6.666666666666667
4427,intelligent,8.51851851851852
48385,quotable,4.814814814814816
1562,action,3.0864197530864206
111362,ensemble cast,3.3333333333333335
593,suicide,10.0
55805,violence,3.3333333333333335
47997,prison,7.777777777777778
356,narrated,6.068376068376066
90430,satire,6.0784313725490176
194951,apocalypse,5.802469135802468
2004,steven spielberg,3.3333333333333335
122898,sequel,5.555555555555555
2791,clever,5.555555555555555
5,remake,5.555555555555555
1721,realistic,6.388888888888889
1721,romantic,5.111111111111111
2022,violence,10.0
72998,visually appealing,5.277777777777778
4226,black and white,7.448559670781892
593,cult film,7.222222222222222
4329,western,5.555555555555555
122896,johnny depp,3.162393162393163
64620,suspense,4.722222222222222
5349,stupid,3.3333333333333335
1688,classic,5.555555555555555
4995,biography,6.692506459948318
1562,sequel,10.0
66097,fantasy,7.948717948717948
53000,military,5.555555555555555
59315,technology,5.897435897435896
61248,action,0.370370370370371
1960,historical,3.3333333333333335
59315,boring,5.555555555555555
593,quotable,8.51851851851852
2022,surrealism,10.0
5349,marvel,3.7654320987654324
187717,love,7.037037037037035
1994,love,10.0
4226,memory,7.65432098765432
2420,violence,7.777777777777778
66097,slow,2.5925925925925934
111362,death,3.3333333333333335
3668,drama,10.0
2450,alternate reality,1.1111111111111112
1284,film noir,3.3333333333333335
72998,futuristic,5.7655293088363955
4226,paranoia,5.911111111111111
4226,revenge,7.364341085271317
5349,superhero,3.366013071895425
2278,intelligent,6.825396825396825
858,cult film,10.0
1966,drama,7.777777777777778
1007,dialogue,3.3333333333333335
111362,murder,3.3333333333333335
111362,science fiction,3.3333333333333335
2858,music,10.0
59315,visually appealing,5.2991452991453
6953,death,4.222222222222223
1963,funny,8.88888888888889
5,touching,3.3333333333333335
2959,original plot,7.777777777777778
27721,depressing,3.3333333333333335
2278,thriller,5.555555555555555
2858,drama,3.3333333333333335
66097,fairy tale,6.581196581196582
4995,twist ending,7.074074074074074
2858,cinematography,7.407407407407409
858,mafia,7.307189542483662
6440,surrealism,7.777777777777778
2959,psychological,8.2010582010582
356,imdb top 250,8.88888888888889
275245,surrealism,5.555555555555555
65514,cliche,3.3333333333333335
593,dialogue,3.3333333333333335
5954,melancholy,10.0
593,adventure,7.777777777777778
61248,remake,1.1111111111111112
53519,slow paced,2.4691358024691348
90405,social commentary,4.857142857142858
122896,adventure,3.3333333333333335
2858,surreal,5.777777777777777
135141,action,1.1111111111111112
275245,mystery,1.1111111111111112
3100,beautifully filmed,10.0
4155,twist ending,3.3333333333333335
6953,depressing,0.5555555555555556
90405,thriller,1.6666666666666667
858,interesting,10.0
1688,animation,4.509803921568627
1960,japan,7.777777777777778
5388,dark,7.037037037037035
65514,action,6.419753086419754
3100,brad pitt,6.825396825396825
66097,based on a book,6.2666666666666675
1241,dark comedy,5.555555555555555
2959,loneliness,10.0
1562,revenge,10.0
1241,horror,3.7777777777777777
1960,world war ii,5.555555555555555
2959,stylized,8.548752834467118
43836,mystery,3.3333333333333335
3420,drama,7.777777777777778
2571,atmospheric,7.959183673469386
3745,dystopia,7.777777777777778
356,love,5.238095238095237
53519,slow,3.9682539682539675
593,dark,7.489711934156379
130634,ensemble cast,4.444444444444445
5,family,4.666666666666666
90430,acting,3.3333333333333335
5014,soundtrack,7.777777777777778
593,good acting,6.363636363636363
2791,absurd,5.595959595959595
135141,sequel,2.7777777777777777
2571,imdb top 250,7.936507936507935
2858,funny,6.666666666666667
2450,cult classic,3.3333333333333335
5349,new york city,5.3086419753086425
858,too long,3.3333333333333335
59315,humor,7.777777777777778
90405,murder,1.1111111111111112
122896,sequel,1.1111111111111112
125916,based on a book,2.8205128205128203
1284,dialogue,7.777777777777778
6650,comedy,5.555555555555555
4329,murder,5.555555555555555
6650,cliche,1.1111111111111112
48385,social commentary,5.925925925925925
47997,surprise ending,7.777777777777778
130634,thriller,1.1111111111111112
427,thriller,7.777777777777778
194951,creepy,4.074074074074073
85412,religion,4.074074074074073
356,love story,6.666666666666667
72998,beautiful,6.172839506172841
2696,comedy,8.88888888888889
30707,road trip,10.0
4995,great soundtrack,5.0
356,philosophical,10.0
49932,atmospheric,6.1904761904761925
66097,visually stunning,7.344173441734417
2571,violence,4.0
1721,cliche,0.2777777777777778
858,dark,8.222222222222221
2022,soundtrack,5.555555555555555
2959,insanity,7.543859649122808
72998,heartwarming,10.0
130634,silly,10.0
2858,loneliness,7.27891156462585
434,action,1.1111111111111112
90405,cheesy,0.0
8607,anime,5.111111111111111
267,remake,3.3333333333333335
2959,powerful ending,8.708994708994709
53000,survival,3.3333333333333335
593,suspenseful,7.8917378917378915
267,classic,5.555555555555555
1721,action,5.555555555555555
596,fun,6.666666666666667
65514,inspirational,8.51851851851852
2571,surrealism,7.777777777777778
1007,silly,3.3333333333333335
66097,creepy,7.002583979328164
4226,investigation,7.688888888888891
1562,batman,3.444444444444444
2580,funny,5.555555555555555
6867,cute,6.296296296296298
2696,good acting,10.0
53519,friendship,3.3333333333333335
5222,predictable,1.1111111111111112
593,thriller,7.209302325581395
5388,psychology,5.384615384615385
356,stupid,7.777777777777778
2571,complicated,7.777777777777778
2004,satirical,1.1111111111111112
6541,gothic,1.4529914529914538
53519,revenge,4.166666666666667
2571,philosophical,7.974683544303799
783,heartwarming,7.777777777777778
5349,comic book,3.816425120772947
596,cute,5.555555555555555
141866,murder,5.555555555555555
122898,dark hero,5.555555555555555
135141,based on a book,1.1111111111111112
8633,cheesy,0.0
858,ensemble cast,10.0
73344,mafia,6.944444444444445
4226,suspense,7.160493827160492
48385,overrated,9.25925925925926
593,psychology,7.524467472654
2959,edward norton,8.560090702947845
1562,atmospheric,3.3333333333333335
5388,murder,5.959595959595959
7460,black and white,5.032679738562091
73344,gritty,7.777777777777778
1966,cerebral,7.777777777777778
113348,silly,3.3333333333333335
30707,morgan freeman,6.25
858,masterpiece,8.671497584541063
55805,tense,3.3333333333333335
1721,history,6.049382716049381
3745,cliche,1.1111111111111112
6953,boring,3.3333333333333335
502,teen,3.3333333333333335
72998,future,0.0
3831,british comedy,6.296296296296298
1241,funny,6.825396825396825
2858,powerful ending,8.433048433048434
593,murder,3.4920634920634916
122898,violence,5.555555555555555
48385,mockumentary,5.081967213114755
72998,mythology,6.913580246913579
59315,cult film,5.555555555555555
858,storytelling,10.0
45442,unrealistic,3.3333333333333335
6650,black and white,1.8518518518518512
2858,gore,10.0
5349,action,4.888888888888889
356,bad acting,7.777777777777778
72998,war,5.785440613026821
1284,thriller,1.1111111111111112
187717,heartwarming,6.363636363636363
3745,space travel,4.814814814814816
194951,boring,6.296296296296297
1562,violence,10.0
593,overrated,1.1111111111111112
6953,psychological,5.811965811965811
72998,dialogue,5.555555555555555
1562,george clooney,4.248366013071895
5014,unrealistic,5.555555555555555
122898,surrealism,5.555555555555555
187717,documentary,7.5
111362,military,4.444444444444445
53519,feminism,2.3809523809523805
4995,romance,6.234567901234567
72998,space travel,3.3333333333333335
7460,good dialogue,5.555555555555555
502,revenge,3.3333333333333335
1721,long,2.525252525252526
72998,too long,1.2737127371273713
6650,serial killer,3.3333333333333335
89904,silly,7.777777777777778
3074,atmospheric,5.833333333333333
2450,cheesy,1.1111111111111112
858,murder,10.0
3745,apocalypse,7.777777777777778
2022,martin scorsese,7.222222222222222
53519,stylish,4.444444444444445
2571,bad acting,4.444444444444445
53000,sequel,5.185185185185184
55805,nonlinear,4.444444444444445
4226,stylized,7.423167848699766
32017,spy,5.555555555555555
6440,cult film,7.777777777777778
4155,cliche,2.2222222222222223
47997,friendship,7.777777777777778
2959,psychological thriller,8.378378378378379
858,overrated,1.1111111111111112
2959,interesting,6.666666666666667
85412,conspiracy,5.555555555555555
130634,drama,5.555555555555555
59315,war,3.3333333333333335
2858,gay,8.148148148148145
3066,japan,3.3333333333333335
2858,reflective,7.7094017094017095
6541,suicide,3.3333333333333335
6440,twist,5.999999999999998
5349,classic,10.0
6650,narrated,1.1111111111111112
4995,slow paced,2.2222222222222223
2571,soundtrack,10.0
434,clint eastwood,6.666666666666667
89904,sentimental,7.777777777777778
59315,witty,5.555555555555555
59315,dialogue,5.555555555555555
89904,overrated,7.777777777777778
3066,world war ii,6.111111111111111
125916,boring,6.296296296296297
45442,remake,3.3333333333333335
4226,great ending,7.967479674796749
66097,visually appealing,7.777777777777778
47997,space,10.0
6541,cult film,3.3333333333333335
593,violent,4.938271604938271
72998,epic,6.581196581196582
593,intense,7.222222222222222
122896,violent,1.1111111111111112
2959,witty,10.0
47997,narrated,5.555555555555555
783,dark,1.1111111111111112
2959,dialogue,7.777777777777778
2959,adventure,8.88888888888889
48385,boring,7.777777777777778
1688,cute,7.777777777777778
5014,bittersweet,7.777777777777778
356,heartwarming,7.362962962962961
30707,murder,1.1111111111111112
2966,slow,1.1111111111111112
122898,marvel,7.777777777777778
53519,violence,4.074074074074073
4995,history,7.361111111111111
2571,mindfuck,7.8861788617886175
3668,romance,8.333333333333334
4995,slow,1.1111111111111112
1241,gore,4.567901234567901
2858,beautiful scenery,5.555555555555555
2571,dystopia,7.306397306397305
593,drama,7.272727272727274
4995,science,10.0
4226,confusing,8.88888888888889
30707,depressing,2.2222222222222223
6440,black comedy,7.777777777777778
275245,black comedy,5.555555555555555
85412,action,5.555555555555555
2858,interesting,5.555555555555555
125916,psychological,7.777777777777778
30749,war,7.444444444444445
1688,romantic,6.4444444444444455
7460,atmospheric,5.277777777777778
48385,funny,6.111111111111111
72998,social commentary,5.666666666666668
5349,friendship,1.1111111111111112
122898,prison,5.555555555555555
593,strong female lead,7.59637188208617
2791,quotable,6.752136752136752
2959,dark,7.777777777777778
2959,disturbing,7.7203065134099615
858,intense,5.555555555555555
2966,inspirational,7.777777777777778
3386,overrated,5.555555555555555
122896,violence,1.8518518518518512
4255,surrealism,5.0
66097,gothic,6.630824372759857
356,quotable,8.034188034188032
1688,soundtrack,7.777777777777778
1007,funny,3.3333333333333335
4995,inspirational,7.429718875502008
49932,mindfuck,4.938271604938271
356,original,1.1111111111111112
85412,fantasy,10.0
858,music,8.395061728395063
2858,comedy,8.596491228070175
73344,psychology,7.037037037037035
3745,space,3.888888888888889
1562,bad acting,7.777777777777778
4427,gay,10.0
48385,crude humor,3.9393939393939394
858,drama,6.888888888888888
3386,historical,5.999999999999998
5388,psychological,5.277777777777778
783,musical,4.2857142857142865
64620,intelligent,1.1111111111111112
858,cinematography,8.18181818181818
6867,slow paced,6.666666666666667
32017,predictable,1.1111111111111112
593,funny,3.3333333333333335
2022,long,4.444444444444445
2791,war,4.444444444444445
130634,emotional,10.0
6541,too long,1.1111111111111112
89904,drama,3.3333333333333335
6440,apocalypse,7.777777777777778
4995,true story,6.989247311827956
72998,science fiction,5.694444444444445
2959,dark humor,5.555555555555555
89904,cinematography,6.888888888888888
4995,friendship,1.1111111111111112
141866,stylized,7.777777777777778
6650,satirical,1.1111111111111112
111362,survival,3.3333333333333335
5954,prison,10.0
593,sad,5.555555555555555
2571,original,8.207885304659499
596,fantasy,1.555555555555556
4226,cult film,7.583333333333333
3420,comedy,7.777777777777778
73344,overrated,3.3333333333333335
2022,based on a book,6.666666666666667
2959,social commentary,8.461538461538462
72998,overrated,1.1111111111111112
130634,happy ending,4.2857142857142865
2959,thriller,10.0
48385,weird,7.777777777777778
55805,death,3.3333333333333335
858,racism,10.0
356,smart,10.0
6867,melancholy,6.666666666666667
2080,disney,3.8383838383838387
2580,comedy,5.802469135802468
6440,satire,1.1111111111111112
2571,bad science,2.666666666666667
275245,satire,5.555555555555555
1721,love,0.0
2571,cliche,1.1111111111111112
1994,thriller,10.0
43836,remake,1.8518518518518512
275245,long,1.1111111111111112
2959,silly,2.2222222222222223
2858,bittersweet,8.122605363984674
2959,psychology,8.447596532702914
55805,murder,1.1111111111111112
4226,gritty,5.925925925925925
59315,murder,6.666666666666667
2450,fun,1.1111111111111112
113348,fun,1.1111111111111112
27721,romance,6.296296296296298
2858,dark humor,7.264957264957267
4427,witty,10.0
2080,drama,5.555555555555555
2696,funny,8.88888888888889
72733,based on a true story,5.555555555555555
194951,survival,3.015873015873015
2450,marvel,1.1111111111111112
30749,thriller,8.333333333333334
5027,comedy,1.1111111111111112
596,fairy tale,4.074074074074073
2004,surprise ending,1.1111111111111112
1721,love story,5.0
72733,drama,1.1111111111111112
5014,acting,7.777777777777778
6440,quirky,6.419753086419754
111362,comedy,10.0
90405,reflective,6.296296296296298
4226,nonlinear,7.530077848549187
59315,overrated,1.1111111111111112
6953,nonlinear,3.716475095785441
130634,great soundtrack,7.777777777777778
2450,superhero,3.3333333333333335
1963,narrated,3.3333333333333335
113348,superhero,5.555555555555555
5954,new york city,6.1904761904761925
2966,acting,3.3333333333333335
356,excellent script,10.0
2571,fantasy,7.016742770167429
593,insanity,7.777777777777778
356,epic,7.777777777777778
53000,music,5.555555555555555
59315,cheesy,0.0
593,prison,10.0
2791,parody,5.833333333333333
610,fantasy,5.555555555555555
1960,epic,4.444444444444445
90430,dialogue,8.222222222222221
72998,intense,5.555555555555555
3420,corruption,7.777777777777778
2959,overrated,1.3580246913580238
6867,friendship,6.666666666666667
356,satire,10.0
2034,bad science,2.000000000000001
2959,coming of age,7.777777777777778
1721,visually appealing,7.777777777777778
6755,cult film,4.444444444444445
3745,love,7.777777777777778
27721,slow paced,3.3333333333333335
72998,music,5.478927203065134
1562,quotable,7.777777777777778
1960,long,3.3333333333333335
4226,smart,1.1111111111111112
6440,murder,7.777777777777778
1241,cult classic,6.767676767676766
593,gore,7.777777777777778
356,masterpiece,8.88888888888889
59315,artificial intelligence,5.555555555555555
30707,sad,3.3333333333333335
72998,drama,6.363636363636363
1963,dark comedy,3.3333333333333335
53000,violence,3.3333333333333335
4226,dreamlike,7.571059431524548
47997,stupid,5.555555555555555
2858,paranoia,10.0
4226,plot twist,8.048780487804876
73344,cinematography,7.11111111111111
72998,cinematography,5.0
2959,dark comedy,8.429858429858431
43836,crime,1.1111111111111112
30749,depressing,6.4444444444444455
72733,biography,1.1111111111111112
1688,magic,4.444444444444445
90430,good acting,6.363636363636363
356,based on a book,6.353276353276354
2571,epic,8.479532163742691
356,feel good movie,6.48148148148148
4226,dark,7.3126614987080085
356,quirky,6.666666666666667
194951,predictable,10.0
151,rape,1.1111111111111112
1562,bad science,7.777777777777778
72998,surreal,10.0
5,fantasy,3.3333333333333335
2791,silly,5.277777777777778
6541,murder,3.3333333333333335
45442,suspense,3.3333333333333335
1562,black comedy,10.0
610,inspirational,10.0
30707,emotional,6.4912280701754375
2858,narrated,6.4102564102564115
275245,creepy,1.1111111111111112
2858,coming of age,7.650793650793651
858,gore,10.0
141866,survival,4.94949494949495
90405,predictable,3.3333333333333335
4995,love,7.222222222222222
858,great cinematography,10.0
2959,mental illness,8.148148148148145
53000,england,3.3333333333333335
2959,violent,6.666666666666667
2959,intense,10.0
4226,time loop,7.864923747276688
1721,bad acting,1.1111111111111112
858,great soundtrack,8.51851851851852
72998,funny,6.666666666666667
593,gay,10.0
85412,atmospheric,6.944444444444445
90430,ensemble cast,6.111111111111111
4155,love,5.0
111362,social commentary,3.3333333333333335
2858,dark comedy,7.597944765574825
4427,great dialogue,10.0
5222,cute,1.8518518518518512
122898,apocalypse,5.555555555555555
1960,visually stunning,3.3333333333333335
1721,leonardo dicaprio,4.7008547008547
2004,satire,1.1111111111111112
4226,intelligent,10.0
187717,based on a true story,8.666666666666666
64620,boring,0.0
90430,social commentary,6.666666666666667
2571,death,8.88888888888889
2959,satirical,8.390022675736962
2580,crime,1.1111111111111112
3745,futuristic,7.777777777777778
858,new york city,7.347670250896057
66097,dark,6.557734204793029
4226,thriller,10.0
2959,surreal,8.46335697399527
2571,existentialism,8.88888888888889
6953,thriller,1.1111111111111112
48385,comedy,5.851851851851851
5222,sexuality,3.611111111111111
72998,military,5.231481481481483
141866,war,1.1111111111111112
267,cult film,3.3333333333333335
4167,violence,3.3333333333333335
6953,storytelling,3.3333333333333335
30749,based on a true story,6.296296296296298
2858,mental illness,7.407407407407409
66097,whimsical,10.0
356,acting,5.555555555555555
90430,psychology,8.51851851851852
1981,cheesy,2.5925925925925934
593,psychological thriller,7.11111111111111
2571,visually stunning,7.393689986282577
1960,acting,7.777777777777778
30749,drama,6.111111111111111
4226,psychology,7.729729729729731
59315,funny,6.425120772946862
47997,dystopia,4.537037037037038
90405,corruption,2.9166666666666665
53519,black comedy,3.3333333333333335
4226,death,7.777777777777778
2858,imdb top 250,8.692810457516341
113348,comic book,0.5555555555555556
72733,matt damon,4.666666666666666
6867,satirical,6.825396825396825
194951,thriller,4.0
55805,sad,5.555555555555555
593,romance,5.555555555555555
53000,supernatural,3.3333333333333335
2959,funny,5.555555555555555
135141,bad science,3.3333333333333335
2580,dark comedy,3.3333333333333335
2959,mystery,10.0
3201,clever,10.0
4226,murder,5.555555555555555
53519,dialogue,4.52991452991453
6953,murder,2.2222222222222223
72998,happy ending,10.0
2858,satirical,7.845117845117847
4226,clever,10.0
783,emotional,10.0
4427,historical,6.666666666666667
2858,violence,5.24904214559387
73344,prison,6.825396825396825
125916,chick flick,5.555555555555555
4226,depressing,2.4444444444444438
59315,military,5.252525252525252
30707,suicide,1.8518518518518512
5222,new york city,2.2222222222222223
2571,acting,5.555555555555555
2034,space,1.6666666666666667
3152,reflective,4.444444444444445
2571,philosophy,7.913406364110592
3386,controversial,7.037037037037035
7460,dialogue driven,5.833333333333333
3066,history,5.555555555555555
53000,gore,3.3333333333333335
4226,overrated,1.7460317460317458
122896,action,5.555555555555555
5222,gay,5.555555555555555
122898,death,5.555555555555555
30749,biography,10.0
2450,action,1.1111111111111112
113348,action,1.8518518518518512
596,pixar,10.0
130634,heist,5.555555555555555
111362,artificial intelligence,3.3333333333333335
2858,surrealism,7.61904761904762
593,slow paced,3.3333333333333335
6755,quirky,3.3333333333333335
2278,crime,5.0
135141,plot twist,5.555555555555555
593,disturbing,6.296296296296298
3201,jack nicholson,5.555555555555555
1562,death,10.0
72998,virtual reality,8.88888888888889
2959,fun,8.51851851851852
30749,sad,7.777777777777778
89904,romance,6.4444444444444455
2959,twist ending,8.437190900098912
2858,rape,10.0
2858,high school,10.0
122896,fantasy,4.444444444444445
194951,overrated,2.2222222222222223
72998,great soundtrack,8.88888888888889
593,sequel,10.0
187717,emotional,6.296296296296298
5388,corruption,5.185185185185184
59315,superhero,4.570048309178745
2696,dialogue driven,7.777777777777778
6755,death,5.555555555555555
1562,murder,10.0
356,boring,1.6239316239316242
30707,gritty,6.2091503267973875
6650,black comedy,3.3333333333333335
858,action,8.88888888888889
111362,disney,3.3333333333333335
5954,friendship,6.666666666666667
90405,crime,3.3333333333333335
1960,boring,3.3333333333333335
593,slow,3.3333333333333335
434,organized crime,1.1111111111111112
151,tense,1.1111111111111112
6541,england,3.3333333333333335
2034,acting,1.1111111111111112
1963,prison,3.3333333333333335
6440,stylized,6.666666666666667
5349,suicide,1.1111111111111112
3074,based on a book,10.0
141866,thriller,5.370370370370371
3386,conspiracy,5.555555555555555
2791,funny,7.142857142857142
66097,depressing,1.1111111111111112
858,cult classic,3.3333333333333335
47997,black comedy,7.777777777777778
30707,mythology,10.0
194951,horror,2.3456790123456788
3745,cult film,7.777777777777778
593,classic,6.948590381426204
3074,revenge,10.0
5954,crime,6.4444444444444455
4995,mindfuck,6.363636363636363
66097,overrated,3.3333333333333335
122898,batman,2.12121212121212
6953,intense,7.777777777777778
6953,violent,3.3333333333333335
5349,cult film,1.1111111111111112
2163,funny,1.1111111111111112
1994,supernatural,4.444444444444445
85412,bad acting,0.0
356,psychological,8.88888888888889
4678,funny,7.777777777777778
2571,technology,8.250591016548464
2959,cerebral,9.000000000000002
90430,drama,5.555555555555555
8947,horror,4.603174603174603
2571,boring,3.888888888888889
30707,predictable,3.3333333333333335
858,history,10.0
356,sad,2.3809523809523805
1981,funny,3.3333333333333335
2959,gore,8.333333333333334
2080,romance,4.814814814814816
8633,space,2.000000000000001
2959,soundtrack,10.0
6953,drama,0.0
130634,crime,3.3333333333333335
858,corruption,10.0
3668,realistic,10.0
858,melancholy,7.481481481481483
356,military,4.444444444444445
3745,future,7.777777777777778
111362,time travel,4.48559670781893
8607,social commentary,7.777777777777778
858,classic,8.39793281653747
4226,surreal,10.0
593,serial killer,6.897913141567965
275245,confusing,5.555555555555555
30707,dark,5.44973544973545
4226,boring,1.8518518518518512
72998,beautiful scenery,5.084745762711865
356,emotional,7.533875338753388
2571,visually appealing,10.0
2959,mindfuck,8.287037037037035
30707,good acting,6.666666666666667
6541,superhero,3.3333333333333335
4427,england,10.0
194951,drama,2.8888888888888884
53000,surprise ending,3.3333333333333335
49932,boring,0.370370370370371
1688,love,3.3333333333333335
3420,al pacino,6.888888888888888
111362,funny,10.0
85412,mindfuck,10.0
53519,murder,3.3333333333333335
6541,supernatural,3.3333333333333335
122898,investigation,5.555555555555555
141866,cheesy,1.1111111111111112
2858,sexuality,7.208672086720867
130634,family,2.2222222222222223
4678,fun,8.88888888888889
4329,atmospheric,3.3333333333333335
2696,classic,10.0
593,good dialogue,7.777777777777778
6650,satire,7.777777777777778
3100,cinematography,5.555555555555555
593,crime,7.0718954248366
72998,romance,5.146198830409357
89904,black and white,7.11111111111111
2858,soundtrack,7.777777777777778
1721,epic,6.888888888888888
48385,feminism,8.88888888888889
3152,bittersweet,4.444444444444445
356,humor,8.51851851851852
90430,psychological,7.333333333333335
4226,psychological,7.548821548821548
53000,action,0.0
2571,stylized,7.2549019607843155
3386,history,5.111111111111111
47997,satire,4.988179669030733
2571,futuristic,7.969348659003831
122898,technology,3.3333333333333335
2966,road trip,5.432098765432099
72998,adventure,10.0
4678,weird,10.0
72998,predictable,1.4862914862914858
1966,new york city,7.777777777777778
90405,violence,1.1111111111111112
6650,based on a book,1.1111111111111112
1721,masterpiece,5.555555555555555
5954,japan,3.3333333333333335
1007,acting,3.3333333333333335
59315,conspiracy,5.555555555555555
3152,black and white,1.1111111111111112
8607,overrated,5.555555555555555
3386,great acting,3.3333333333333335
66097,surreal,6.772486772486772
858,crime,7.148846960167713
30707,social commentary,7.198067632850243
59315,comic book,3.9814814814814827
2080,classic,5.0
66097,boring,4.444444444444445
593,horror,4.920634920634921
125916,drama,5.555555555555555
111362,marvel,3.4979423868312765
90405,suspense,5.079365079365079
2858,homosexuality,5.925925925925925
2571,cyberpunk,7.600884466556108
30749,survival,6.1904761904761925
3386,long,7.777777777777778
2696,good dialogue,10.0
141866,music,4.444444444444445
111362,superhero,4.6198830409356715
85412,original,3.3333333333333335
5388,atmospheric,6.140350877192983
59315,comedy,6.296296296296298
5027,prison,3.3333333333333335
2959,surprise ending,7.777777777777778
59315,adventure,4.545454545454547
2571,confusing,7.777777777777778
59315,predictable,3.3333333333333335
6953,religion,0.9259259259259266
111362,prison,3.3333333333333335
356,beautiful,7.777777777777778
32017,espionage,5.555555555555555
5954,surrealism,10.0
5388,christopher nolan,5.454545454545453
4995,plot twist,4.444444444444445
141866,cinematography,7.777777777777778
858,family,6.736111111111111
593,mental illness,7.114427860696519
6755,funny,3.3333333333333335
3386,true story,5.555555555555555
73344,corruption,7.777777777777778
72998,science,10.0
593,atmospheric,6.93121693121693
593,imdb top 250,6.862745098039215
1960,suicide,7.777777777777778
64620,good acting,5.999999999999998
130634,suspense,1.1111111111111112
1562,car chase,10.0
356,reflective,5.555555555555555
2959,action,8.157181571815718
1966,dialogue driven,7.333333333333335
1721,sentimental,5.111111111111111
3152,coming of age,3.611111111111111
6953,realistic,1.1111111111111112
1981,new york city,3.3333333333333335
356,cult film,7.777777777777778
2420,comedy,7.777777777777778
49932,confusing,3.3333333333333335
1721,overrated,0.74074074074074
48385,racism,5.407407407407408
4226,cerebral,7.15846994535519
30707,overrated,4.814814814814814
2858,original,7.777777777777778
3100,religion,10.0
30707,cheesy,7.777777777777778
4255,absurd,2.4444444444444438
2959,cult classic,8.88888888888889
593,violence,3.111111111111112
2858,surprise ending,7.777777777777778
2080,animation,3.7037037037037046
65514,drama,7.777777777777778
8607,drama,7.777777777777778
858,atmospheric,7.5703703703703695
122898,humor,5.555555555555555
6541,comic book,0.8333333333333334
4255,boring,7.777777777777778
858,imdb top 250,7.666666666666665
356,political,5.555555555555555
5349,death,1.1111111111111112
61248,car chase,3.3333333333333335
1284,atmospheric,5.555555555555555
66097,fantasy world,7.777777777777778
2858,black comedy,7.358024691358025
111362,new york city,3.3333333333333335
593,suspense,7.209690893901421
2571,reflective,10.0
4995,intelligent,7.117117117117118
3745,murder,7.777777777777778
275245,western,3.3333333333333335
2571,cult film,7.800925925925924
356,interesting,10.0
5349,murder,1.1111111111111112
2080,family,10.0
130634,stupid,10.0
2791,romance,1.1111111111111112
593,mystery,7.301587301587302
6440,disturbing,6.068376068376066
858,violence,6.111111111111111
55805,social commentary,4.444444444444445
4995,based on a book,5.842293906810036
2959,great acting,8.567901234567902
2959,classic,8.148148148148145
356,war,4.722222222222222
32017,action,5.555555555555555
55805,thriller,1.1111111111111112
2791,comedy,6.524216524216524
1960,war,5.555555555555555
72998,animation,1.1111111111111112
1994,steven spielberg,5.555555555555555
8607,funny,10.0
30707,intense,6.666666666666667
356,comedy,7.460317460317461
1994,classic,3.3333333333333335
7460,boring,3.3333333333333335
356,witty,8.88888888888889
5,heartwarming,5.555555555555555
356,adventure,6.339869281045753
4155,quirky,10.0
53519,car chase,4.022988505747127
1241,cult film,5.666666666666668
267,funny,5.555555555555555
2022,storytelling,10.0
194951,dystopia,2.6984126984126986
356,too long,3.3333333333333335
1721,based on a true story,5.483870967741936
2571,future,8.75
1721,music,5.555555555555555
5388,al pacino,5.333333333333334
2959,long,4.074074074074073
1960,too long,3.3333333333333335
53519,stylized,4.52991452991453
2571,interesting,8.362573099415206
2004,cult film,1.1111111111111112
8633,bad acting,7.777777777777778
1721,drama,4.864197530864199
30707,drama,6.456456456456456
6650,british comedy,5.555555555555555
2580,black comedy,5.555555555555555
30749,classic,7.222222222222222
1721,cinematography,2.2222222222222223
858,philosophical,10.0
125916,sexuality,1.1111111111111112
783,animation,4.920634920634921
111362,comic book,2.4444444444444438
2571,war,4.074074074074073
1284,mystery,5.555555555555555
90405,dystopia,4.141414141414141
2959,based on a book,8.537271448663853
30707,strong female lead,7.777777777777778
783,sentimental,5.925925925925925
356,good acting,6.86868686868687
2858,great acting,7.729988052568697
111362,surprise ending,3.3333333333333335
2858,excellent script,8.121693121693122
267,military,4.074074074074073
2959,paranoia,10.0
4226,psychological thriller,7.350427350427351
2571,adventure,7.555555555555555
4226,interesting,9.555555555555557
3386,investigation,1.1111111111111112
356,whimsical,5.353535353535354
4167,revenge,3.3333333333333335
2571,too long,1.1111111111111112
275245,thriller,5.802469135802468
2858,satire,8.412698412698413
2571,smart,10.0
1241,black comedy,3.3333333333333335
141866,gore,3.7777777777777777
2959,crime,8.158730158730158
3831,british,3.3333333333333335
356,chick flick,5.555555555555555
5954,edward norton,6.2091503267973875
5027,action,1.1111111111111112
5954,homosexuality,10.0
858,al pacino,8.076923076923078
30749,true story,7.246376811594201
72998,violent,3.9682539682539675
2959,narrated,8.148148148148145
4995,acting,10.0
4329,tense,3.3333333333333335
6867,quirky,5.353535353535354
111362,action,3.9682539682539675
2791,classic,6.4157706093189955
4226,unique,10.0
596,musical,3.3333333333333335
5388,soundtrack,7.777777777777778
2571,dark,7.777777777777778
356,steven spielberg,10.0
3831,comedy,10.0
72998,imdb top 250,6.984126984126983
48385,controversial,5.974842767295598
2858,friendship,7.777777777777778
48385,new york city,2.4444444444444438
593,soundtrack,10.0
2858,revenge,5.555555555555555
66097,alternate reality,6.7407407407407405
49932,dreamlike,7.777777777777778
356,social commentary,3.3333333333333335
3420,satire,7.777777777777778
2858,beautifully filmed,7.777777777777778
2420,coming of age,7.222222222222222
2034,dialogue,1.1111111111111112
4427,history,6.111111111111111
1688,witty,7.777777777777778
72733,racism,2.5925925925925934
783,disney,4.583333333333333
111362,sequel,3.888888888888889
47997,car chase,7.777777777777778
2034,space travel,2.2222222222222223
90405,original,4.970760233918128
47997,military,7.777777777777778
2858,death,7.777777777777778
1994,family,7.037037037037035
356,storytelling,5.555555555555555
49932,dark,5.185185185185184
40339,silly,0.0
47997,futuristic,7.777777777777778
90405,surprise ending,1.1111111111111112
1994,horror,0.22222222222222143
2858,existentialism,7.777777777777778
122898,dialogue,1.1111111111111112
2959,acting,1.1111111111111112
3152,twist ending,1.1111111111111112
4427,great acting,10.0
2278,action,4.444444444444445
2959,philosophy,8.624862486248624
85412,mockumentary,6.060606060606059
356,silly,4.814814814814814
356,psychology,7.373737373737375
45442,boring,5.555555555555555
64620,based on a true story,4.6913580246913575
2959,stylish,3.3333333333333335
2571,intelligent,8.26388888888889
2163,based on a book,5.555555555555555
30749,family,1.1111111111111112
2858,visually stunning,5.555555555555555
858,soundtrack,9.259259259259258
356,touching,7.777777777777778
194951,slow paced,4.444444444444445
6953,slow,3.3333333333333335
593,homosexuality,10.0
6440,dark comedy,7.777777777777778
55805,drama,1.1111111111111112
66097,unique,7.777777777777778
2571,social commentary,7.777777777777778
2959,atmospheric,8.451730418943535
72998,racism,4.2087542087542085
1981,serial killer,5.555555555555555
40339,animation,0.0
2571,thriller,7.777777777777778
6953,melancholy,2.4444444444444438
1960,murder,7.777777777777778
6755,comedy,2.8888888888888884
2959,imdb top 250,8.007662835249043
3074,gritty,4.074074074074073
72998,philosophical,10.0
2966,boring,3.888888888888889
6953,remake,6.666666666666667
2580,revenge,6.666666666666667
3420,crime,7.777777777777778
40339,coming of age,2.2222222222222223
2858,creepy,4.074074074074073
4995,boring,2.2222222222222223
32017,family,7.777777777777778
593,tense,7.3126614987080085
356,sentimental,5.748792270531402
59315,violence,5.555555555555555
356,overrated,0.74074074074074
3152,sexuality,3.3333333333333335
356,coming of age,5.555555555555555
48385,road trip,4.074074074074073
356,cheesy,7.777777777777778
2858,philosophy,8.88888888888889
53519,quentin tarantino,3.4920634920634916
61248,predictable,5.555555555555555
2959,violence,7.416020671834626
2450,cult film,0.6666666666666663
130634,unrealistic,1.8518518518518512
4226,storytelling,7.6489533011272135
2959,brutal,10.0
90405,detective,1.1111111111111112
6755,cult classic,3.3333333333333335
2004,social commentary,1.1111111111111112
2791,dark comedy,6.888888888888888
30749,imdb top 250,7.333333333333335
2571,murder,7.777777777777778
356,historical,7.087087087087088
3066,war,3.3333333333333335
356,family,5.555555555555555
2571,science fiction,7.506775067750679
1963,absurd,10.0
111362,revenge,3.3333333333333335
356,dark comedy,5.555555555555555
3100,classic,10.0
130634,action,6.388888888888889
6440,hallucinatory,7.516339869281047
122898,ensemble cast,0.370370370370371
1688,musical,5.555555555555555
8947,remake,2.063492063492064
5349,religion,1.1111111111111112
5027,crime,1.1111111111111112
2959,surrealism,10.0
6440,cinematography,10.0
596,disney,3.464052287581699
4167,suspense,3.3333333333333335
5954,dark,5.555555555555555
2571,overrated,3.3333333333333335
593,surprise ending,10.0
3668,love,10.0
356,unpredictable,5.555555555555555
1562,heist,10.0
125916,fantasy,1.1111111111111112
141866,action,2.2222222222222223
6953,revenge,3.3333333333333335
1994,suspense,3.0555555555555554
85412,boring,4.444444444444445
30749,violence,6.666666666666667
2959,complicated,7.979797979797983
43836,investigation,4.074074074074073
6440,surreal,4.666666666666666
3745,prison,7.777777777777778
4155,sad,3.3333333333333335
40339,disney,0.370370370370371
2959,philosophical,8.587746625129803
1241,murder,5.555555555555555
596,music,5.555555555555555
5349,insanity,1.1111111111111112
49932,murder,0.0
2034,silly,1.6666666666666667
187717,biography,6.666666666666667
4255,witty,7.777777777777778
53519,too long,0.6172839506172837
6953,crime,1.1111111111111112
356,mental illness,5.703703703703703
356,intense,10.0
194951,based on a book,2.2222222222222223
3745,matt damon,1.1111111111111112
66097,tim burton,6.555555555555554
4226,narrated,7.189542483660129
2858,love,10.0
2959,visually appealing,7.777777777777778
135141,predictable,4.814814814814816
2571,artificial intelligence,8.009259259259258
8607,comedy,10.0
6541,violence,3.3333333333333335
783,religion,1.1111111111111112
47997,cult film,7.777777777777778
30749,racism,6.888888888888888
1960,based on a true story,5.555555555555555
65514,predictable,1.1111111111111112
1960,music,3.3333333333333335
66097,storytelling,8.88888888888889
267,comedy,3.3333333333333335
356,drama,6.971916971916971
5,sentimental,5.555555555555555
1721,survival,5.333333333333334
89904,original,6.666666666666667
2959,stupid,5.555555555555555
1562,silly,6.111111111111111
59315,marvel,4.752342704149933
5388,detective,4.814814814814816
48385,classic,10.0
122898,murder,5.555555555555555
90430,dark comedy,6.888888888888888
4329,quirky,6.296296296296298
1960,cinematography,6.222222222222224
858,organized crime,6.918238993710691
122898,assassin,5.555555555555555
90405,revenge,1.1111111111111112
502,romance,3.3333333333333335
2022,religion,5.555555555555555
4995,insanity,6.702508960573476
7460,dialogue,5.277777777777778
2571,intense,10.0
48385,satire,6.3347763347763335
2858,kevin spacey,7.528735632183906
1994,fun,10.0
593,detective,7.283950617283953
90405,death,1.1111111111111112
130634,long,3.3333333333333335
5388,remake,3.888888888888889
122896,dark,10.0
47997,future,5.473251028806583
3100,coming of age,10.0
2571,dark hero,7.851851851851851
90405,existentialism,1.1111111111111112
2450,apocalypse,3.3333333333333335
783,soundtrack,5.555555555555555
40339,funny,5.555555555555555
2571,drama,8.61111111111111
5954,psychology,6.296296296296298
66097,animation,6.153846153846156
6650,witty,6.4444444444444455
59315,sexuality,5.555555555555555
356,racism,3.3333333333333335
4226,mental illness,6.666666666666667
1721,romance,4.600207684319835
356,biography,6.581196581196582
593,great acting,7.19298245614035
356,funny,7.3420479302832256
6867,loneliness,5.925925925925925
593,excellent script,7.610513739545995
1960,biography,3.3333333333333335
1562,cheesy,3.7037037037037033
2696,witty,10.0
2571,strong female lead,7.777777777777778
2571,surreal,7.467700258397932
130634,revenge,2.063492063492064
4226,imdb top 250,7.530864197530865
4226,dark hero,5.555555555555555
4226,christopher nolan,7.927590511860174
610,surreal,6.507936507936509
1721,predictable,5.555555555555555
1721,too long,1.1111111111111112
111362,violence,3.3333333333333335
2034,disney,5.555555555555555
6440,weird,5.555555555555555
1981,high school,5.555555555555555
53519,great dialogue,4.17989417989418
141866,revenge,5.555555555555555
5954,depressing,5.111111111111111
90430,satirical,10.0
2858,emotional,10.0
45442,survival,4.814814814814816
1562,artificial intelligence,10.0
49932,cinematography,6.790123456790123
194951,atmospheric,3.9682539682539675
858,great acting,8.062678062678062
61248,cheesy,5.555555555555555
1688,music,5.873015873015872
4226,violence,6.324786324786326
1241,absurd,3.3333333333333335
6755,horror,1.1111111111111112
55805,new york city,3.3333333333333335
111362,suspense,3.3333333333333335
858,epic,8.207885304659499
2791,fun,7.777777777777778
49932,surreal,4.897119341563784
27721,boring,1.1111111111111112
111362,surrealism,3.3333333333333335
30707,slow paced,1.1111111111111112
593,based on a book,6.382428940568477
1721,good acting,6.565656565656567
3386,dialogue,3.3333333333333335
593,friendship,10.0
2022,controversial,8.88888888888889
1284,classic,7.222222222222222
356,fun,7.037037037037035
8947,atmospheric,1.1111111111111112
596,weird,1.1111111111111112
2959,dystopia,10.0
4226,time travel,7.777777777777778
593,revenge,10.0
858,long,3.3333333333333335
5349,romance,3.3333333333333335
1688,strong female lead,6.666666666666667
40339,cute,5.555555555555555
593,death,10.0
2696,epic,10.0
2450,silly,7.777777777777778
1284,black and white,1.1111111111111112
66097,atmospheric,10.0
8947,japan,2.4444444444444438
1721,chick flick,2.525252525252526
2580,car chase,2.2222222222222223
6755,mental illness,3.3333333333333335
30707,slow,3.3333333333333335
434,heist,1.1111111111111112
4226,mystery,7.455716586151368
356,cute,5.555555555555555
4226,complicated,7.6689976689976715
5349,adventure,5.555555555555555
4226,rape,5.555555555555555
53519,overrated,3.3333333333333335
2571,military,7.222222222222222
356,happy ending,5.555555555555555
5349,predictable,1.1111111111111112
1721,bittersweet,5.512820512820513
72998,bad science,0.03584229390681099
30707,bittersweet,7.634408602150539
858,based on a book,6.613756613756614
72998,cliche,0.9090909090909093
72998,unrealistic,3.3333333333333335
151,western,7.777777777777778
1721,classic,4.722222222222222
593,clever,6.851851851851853
3831,england,4.444444444444445
1960,prison,7.777777777777778
194951,suspense,6.944444444444445
45442,predictable,3.3333333333333335
30707,great acting,7.777777777777778
3668,beautiful,9.259259259259258
858,revenge,6.296296296296298
1284,based on a book,10.0
2163,bad acting,3.3333333333333335
356,realistic,5.555555555555555
2278,boring,1.1111111111111112
72733,morgan freeman,4.2857142857142865
6440,new york city,5.555555555555555
1688,funny,6.666666666666667
90405,love,1.1111111111111112
2959,cult film,7.901234567901235
72998,action,6.888888888888888
356,sexuality,7.688888888888891
434,thriller,5.555555555555555
53519,dark comedy,3.3333333333333335
858,death,10.0
30707,inspirational,8.88888888888889
2571,religion,7.777777777777778
47997,social commentary,4.959349593495934
356,soundtrack,10.0
2959,twist,8.101851851851855
593,creepy,5.972222222222222
2278,robert de niro,6.581196581196582
2571,superhero,5.3086419753086425
141866,atmospheric,7.777777777777778
1284,crime,1.1111111111111112
2959,quotable,8.51851851851852
2858,beautiful,9.555555555555557
59315,surprise ending,5.555555555555555
5349,sequel,6.666666666666667
90405,boring,1.1111111111111112
356,great soundtrack,7.940379403794036
72998,fantasy,5.999999999999998
3386,ensemble cast,3.3333333333333335
65514,family,1.1111111111111112
4226,twist ending,7.700077700077701
2959,original,7.777777777777778
8607,family,4.444444444444445
858,assassin,10.0
593,acting,7.373737373737375
1562,funny,2.4074074074074066
2959,gritty,10.0
1721,true story,5.222222222222221
6650,murder,5.555555555555555
5349,chick flick,2.2222222222222223
61248,violence,2.5925925925925934
59315,cliche,1.1111111111111112
125916,love,1.1111111111111112
53519,violent,5.555555555555555
5349,science,1.1111111111111112
502,coming of age,3.3333333333333335
30707,friendship,7.777777777777778
2571,cerebral,10.0
1963,black comedy,6.666666666666667
48385,love,7.777777777777778
2858,cult film,10.0
59315,action,6.00907029478458
1966,quotable,7.777777777777778
49932,weird,6.111111111111111
356,new york city,1.1111111111111112
2959,nonlinear,5.555555555555555
2959,black comedy,9.259259259259258
2696,clever,9.444444444444445
2278,car chase,6.507936507936509
141866,violence,3.3333333333333335
111362,cyberpunk,3.3333333333333335
85412,mythology,5.555555555555555
610,gore,5.555555555555555
2571,virtual reality,7.507872244714349
275245,psychological thriller,4.444444444444445
73344,great acting,6.888888888888888
48385,absurd,2.2222222222222223
130634,technology,3.3333333333333335
27721,confusing,1.1111111111111112
858,acting,8.306878306878305
30707,clint eastwood,6.666666666666667
6440,surprise ending,7.777777777777778
30707,narrated,4.666666666666666
47997,overrated,3.3333333333333335
5388,love,7.777777777777778
85412,comedy,1.1111111111111112
85412,adventure,1.1111111111111112
141866,suspense,5.873015873015872
6650,family,5.555555555555555
90405,car chase,2.2222222222222223
73344,long,3.3333333333333335
593,investigation,7.342995169082126
72998,long,5.259259259259259
2959,smart,8.743961352657005
64620,history,5.087719298245615
4255,surreal,5.555555555555555
275245,unique,5.396825396825397
8607,japan,1.1111111111111112
2959,plot twist,8.395061728395063
122898,superhero,1.1111111111111112
1721,historical,6.10062893081761
2163,cult film,3.3333333333333335
111362,dystopia,3.3333333333333335
72733,clint eastwood,4.444444444444445
6541,surprise ending,3.3333333333333335
47997,dark comedy,5.176151761517614
2022,slow,1.1111111111111112
4678,cult film,7.777777777777778
2959,imagination,10.0
1284,imdb top 250,5.555555555555555
1562,superhero,2.296296296296296
2791,original,5.555555555555555
125916,stupid,7.037037037037036
43836,comedy,2.7777777777777777
2580,cult film,5.555555555555555
53000,death,3.3333333333333335
4226,mindfuck,7.856209150326797
267,violence,3.3333333333333335
593,boring,10.0
4255,funny,6.296296296296298
2858,witty,10.0
3745,animation,4.0
1688,great soundtrack,5.555555555555555
5014,psychology,6.507936507936509
356,surprise ending,3.3333333333333335
130634,car chase,4.222222222222223
356,romance,6.3718820861678
90405,cyberpunk,1.1111111111111112
3066,military,3.3333333333333335
7460,surreal,5.873015873015872
593,original plot,10.0
1963,satire,8.88888888888889
65514,racism,10.0
65514,biography,8.383838383838386
72998,space,6.049382716049381
5014,touching,7.333333333333335
2004,new york city,5.555555555555555
2571,alternate reality,7.683215130023642
1721,atmospheric,4.98989898989899
6650,drama,5.555555555555555
4995,psychology,6.8142968142968146
122896,funny,1.8518518518518512
2959,satire,7.777777777777778
30749,history,7.164750957854405
1562,soundtrack,6.666666666666667
2450,funny,1.1111111111111112
593,psychological,7.037037037037035
64620,true story,4.166666666666667
2571,conspiracy,8.585858585858585
30707,imdb top 250,3.3333333333333335
4226,tense,7.74891774891775
2420,classic,6.296296296296298
596,disturbing,3.3333333333333335
72998,visually stunning,5.416666666666667
61248,prison,7.777777777777778
858,boring,4.444444444444445
2858,dark,7.407407407407409
125916,bad acting,7.777777777777778
2959,intelligent,7.831978319783196
2858,good acting,7.777777777777778
356,action,8.88888888888889
59315,friendship,5.555555555555555
2580,nonlinear,1.6666666666666667
2420,inspirational,7.460317460317461
5954,powerful ending,6.767676767676766
427,bad acting,7.777777777777778
275245,dark humor,1.1111111111111112
6755,great soundtrack,3.3333333333333335
47997,satirical,7.777777777777778
89904,boring,0.6666666666666663
2571,romance,7.777777777777778
858,robert de niro,7.821350762527233
275245,suspenseful,5.185185185185184
2959,quirky,8.80597014925373
356,cult classic,3.3333333333333335
4226,twist,5.555555555555555
61248,gore,5.555555555555555
125916,soundtrack,6.666666666666667
194951,suicide,2.000000000000001
502,high school,1.1111111111111112
30707,violence,4.629629629629629
55805,crime,1.1111111111111112
59315,death,5.555555555555555
2571,comedy,5.555555555555555
356,fantasy,10.0
66097,dystopia,6.374269005847953
4995,overrated,1.1111111111111112
4226,original,7.1241830065359455
1966,intelligent,8.333333333333334
73344,acting,5.555555555555555
593,gothic,6.666666666666667
1721,time travel,6.296296296296298
47997,time travel,2.2222222222222223
4255,weird,8.333333333333334
90430,dialogue driven,5.999999999999998
151,atmospheric,1.1111111111111112
2959,brad pitt,8.108747044917257
2959,death,10.0
596,classic,3.3333333333333335
111362,nonlinear,5.555555555555555
4226,surprise ending,5.555555555555555
8947,suicide,1.1111111111111112
5349,mental illness,1.1111111111111112
27721,war,3.3333333333333335
356,history,7.142857142857142
2571,action,7.222222222222222
2966,family,7.333333333333335
89904,visually appealing,6.222222222222224
